iter,layer,candidate_rank,candidate_stage,destroy_operator,repair_operator,fallback_used,projection_mode,projection_repaired_subtask_count,F_raw,F_cal,duplicate_tote_count,duplicate_tote_penalty,candidate_signature,selected_for_sa
1,Z,3,rough,z_destroy_multistack_window,z_repair_sort_range_shrink_first,False,,0,3118.7072300903124,3118.7072300903124,0,0.0,"('Z', 'z_destroy_multistack_window', ((1, (9, 10)),), 'z_repair_sort_range_shrink_first', (3521, 487), ('SORT',))",False
1,Z,2,rough,z_destroy_mode_window,z_repair_sort_range_shrink_first,False,,0,3118.7072300903124,3118.7072300903124,0,0.0,"('Z', 'z_destroy_mode_window', ((1, (9, 10)),), 'z_repair_sort_range_shrink_first', (3521, 487), ('SORT',))",False
1,Z,1,rough,z_destroy_mode_window,z_repair_same_stack_window,False,,0,3118.7072300903124,3118.7072300903124,0,0.0,"('Z', 'z_destroy_mode_window', ((1, (9, 10)),), 'z_repair_same_stack_window', (3521, 487), ('SORT',))",False
2,Z,1,rough,z_destroy_multistack_window,z_repair_bounded_detour_window,False,,0,3095.307230090312,3095.307230090312,0,0.0,"('Z', 'z_destroy_multistack_window', ((3, (4, 5)),), 'z_repair_bounded_detour_window', (2968, 2881), ('FLIP',))",False
2,Z,2,rough,z_destroy_detour_window,z_repair_bounded_detour_window,False,,0,3112.857230090312,3112.857230090312,0,0.0,"('Z', 'z_destroy_detour_window', ((0, (8,)), (1, (9, 10))), 'z_repair_bounded_detour_window', (1948, 2344, 3521, 487), ('SORT', 'SORT'))",False
2,Z,3,rough,z_destroy_mode_window,z_repair_bounded_detour_window,False,,0,3118.7072300903124,3118.7072300903124,0,0.0,"('Z', 'z_destroy_mode_window', ((1, (9, 10)),), 'z_repair_bounded_detour_window', (3521, 487), ('SORT',))",False
3,Z,3,rough,z_destroy_noise_window,z_repair_same_stack_window,False,,0,3194.757230090312,3194.757230090312,0,0.0,"('Z', 'z_destroy_noise_window', ((4, (6, 7)), (12, (14,))), 'z_repair_same_stack_window', (944, 2344, 482, 2337), ('SORT', 'SORT'))",False
3,Z,1,rough,z_destroy_multistack_window,z_repair_same_stack_window,False,,0,3095.307230090312,3095.307230090312,0,0.0,"('Z', 'z_destroy_multistack_window', ((3, (4, 5)),), 'z_repair_same_stack_window', (2968, 2881), ('FLIP',))",False
3,Z,2,rough,z_destroy_mode_window,z_repair_sort_range_shrink_first,False,,0,3112.857230090312,3112.857230090312,0,0.0,"('Z', 'z_destroy_mode_window', ((0, (8,)), (1, (9, 10))), 'z_repair_sort_range_shrink_first', (1948, 2344, 3521, 487), ('SORT', 'SORT'))",False
4,Z,1,rough,z_destroy_multistack_window,z_repair_sort_range_shrink_first,False,,0,2972.457230090312,2972.457230090312,0,0.0,"('Z', 'z_destroy_multistack_window', ((7, (0, 1, 2)),), 'z_repair_sort_range_shrink_first', (944, 2344), ('SORT',))",False
4,Z,3,rough,z_destroy_mode_window,z_repair_bounded_detour_window,False,,0,3259.107230090312,3259.107230090312,0,0.0,"('Z', 'z_destroy_mode_window', ((0, (8,)), (2, (18,))), 'z_repair_bounded_detour_window', (1948, 2344, 3477), ('SORT', 'SORT'))",False
4,Z,2,rough,z_destroy_detour_window,z_repair_sort_range_shrink_first,False,,0,3112.857230090312,3112.857230090312,0,0.0,"('Z', 'z_destroy_detour_window', ((0, (8,)), (1, (9, 10))), 'z_repair_sort_range_shrink_first', (1948, 2344, 3521, 487), ('SORT', 'SORT'))",False
5,Z,2,rough,z_destroy_detour_window,z_repair_sort_range_shrink_first,False,,0,3181.107230090312,3181.107230090312,0,0.0,"('Z', 'z_destroy_detour_window', ((2, (18,)), (3, (4, 5))), 'z_repair_sort_range_shrink_first', (3477, 2344, 2968, 2881), ('SORT', 'SORT'))",False
5,Z,1,rough,z_destroy_multistack_window,z_repair_same_stack_window,False,,0,2949.057230090312,2949.057230090312,0,0.0,"('Z', 'z_destroy_multistack_window', ((7, (0, 1, 2)),), 'z_repair_same_stack_window', (944, 2344), ('FLIP',))",False
5,Z,3,rough,z_destroy_mode_window,z_repair_bounded_detour_window,False,,0,3206.4572300903124,3206.4572300903124,0,0.0,"('Z', 'z_destroy_mode_window', ((4, (6, 7)),), 'z_repair_bounded_detour_window', (482, 2337), ('SORT',))",False
6,Z,1,rough,z_destroy_detour_window,z_repair_bounded_detour_window,False,,0,3118.7072300903124,3118.7072300903124,0,0.0,"('Z', 'z_destroy_detour_window', ((1, (9, 10)),), 'z_repair_bounded_detour_window', (3521, 487), ('SORT',))",False
6,Z,3,rough,z_destroy_detour_window,z_repair_same_stack_window,False,,0,3259.107230090312,3259.107230090312,0,0.0,"('Z', 'z_destroy_detour_window', ((0, (8,)), (2, (18,))), 'z_repair_same_stack_window', (1948, 2344, 3477), ('SORT', 'SORT'))",False
6,Z,2,rough,z_destroy_noise_window,z_repair_bounded_detour_window,False,,0,3206.4572300903124,3206.4572300903124,0,0.0,"('Z', 'z_destroy_noise_window', ((4, (6, 7)),), 'z_repair_bounded_detour_window', (482, 2337), ('SORT',))",False
7,Z,3,rough,z_destroy_mode_window,z_repair_same_stack_window,False,,0,3206.4572300903124,3206.4572300903124,0,0.0,"('Z', 'z_destroy_mode_window', ((4, (6, 7)),), 'z_repair_same_stack_window', (482, 2337), ('SORT',))",False
7,Z,2,rough,z_destroy_mode_window,z_repair_mode_toggle_contextual,False,,0,3112.857230090312,3112.857230090312,0,0.0,"('Z', 'z_destroy_mode_window', ((0, (8,)), (1, (9, 10))), 'z_repair_mode_toggle_contextual', (1948, 2344, 3521, 487), ('SORT', 'SORT'))",False
7,Z,1,rough,z_destroy_detour_window,z_repair_mode_toggle_contextual,False,,0,3112.857230090312,3112.857230090312,0,0.0,"('Z', 'z_destroy_detour_window', ((0, (8,)), (1, (9, 10))), 'z_repair_mode_toggle_contextual', (1948, 2344, 3521, 487), ('SORT', 'SORT'))",False
8,X,1,exact,x_destroy_group_boundary_release,x_repair_affinity_pack,False,greedy_repair,1,3124.5572300903123,3124.5572300903123,0,0.0,"((0, (0, ('0:14:0', '0:2:0', '0:3:0', '0:4:0', '0:6:0'), 0, 0, ((1948, 'SORT', (132, 133, 134), (0, 2)),))), (1, (1, ('1:35:0', '1:3:0', '1:46:0'), 1, 0, ((3521, 'SORT', (116, 117), (1, 2)), (487, 'FLIP', (147,), None)))), (2, (2, ('2:1:0', '2:2:0', '2:3:0', '2:4:0', '2:8:0', '2:9:0'), 2, 0, ((3477, 'SORT', (169, 170, 171, 172), (0, 3)),))), (3, (2, ('2:17:0', '2:18:0'), 3, 0, ((2968, 'FLIP', (10,), None), (2881, 'FLIP', (9,), None)))), (4, (3, ('3:0:0', '3:1:0', '3:26:0', '3:29:0', '3:31:0', '3:6:0'), 4, 0, ((482, 'SORT', (67, 68, 69, 70, 71, 72), (1, 6)), (2337, 'FLIP', (165,), None)))), (5, (3, ('3:21:0',), 5, 0, ((445, 'FLIP', (6,), None),))), (6, (4, ('4:15:0', '4:29:0', '4:3:0'), 5, 1, ((2344, 'FLIP', (53, 60), None),))), (7, (5, ('5:18:0', '5:22:0', '5:33:0', '5:35:0', '5:37:0', '5:8:0'), 3, 1, ((944, 'FLIP', (34,), None), (2344, 'FLIP', (52, 57), None), (2809, 'FLIP', (8,), None), (3417, 'FLIP', (4,), None)))), (8, (5, ('5:44:0',), 1, 1, ((1479, 'FLIP', (143,), None),))), (9, (6, ('6:0:0', '6:13:0', '6:1:0', '6:3:0', '6:4:0', '6:9:0'), 1, 2, ((3521, 'FLIP', (120,), None), (1049, 'FLIP', (84,), None)))), (10, (6, ('6:14:0',), 5, 2, ((1892, 'FLIP', (0,), None),))), (11, (7, ('7:0:0', '7:1:0', '7:2:0', '7:3:0', '7:4:0', '7:5:0'), 0, 1, ((2116, 'SORT', (98, 99), (1, 2)),))), (12, (7, ('7:16:0', '7:6:0'), 5, 3, ((944, 'SORT', (35, 36, 37), (1, 3)),))))",True
8,X,2,exact,x_destroy_spatial_outliers,x_repair_template_preserve,False,full_y_refresh,1,3734.535606527094,3734.535606527094,0,0.0,"((0, (0, ('0:14:0', '0:2:0', '0:3:0', '0:4:0', '0:6:0'), 0, 0, ((1948, 'SORT', (132, 133, 134), (0, 2)),))), (1, (1, ('1:35:0', '1:3:0', '1:46:0'), 0, 2, ((3521, 'SORT', (116, 117), (1, 2)), (487, 'FLIP', (147,), None)))), (2, (2, ('2:1:0', '2:2:0', '2:3:0', '2:4:0', '2:8:0', '2:9:0'), 0, 5, ((3477, 'SORT', (169, 170, 171, 172), (0, 3)),))), (3, (2, ('2:17:0', '2:18:0'), 0, 6, ((2968, 'FLIP', (10,), None), (2881, 'FLIP', (9,), None)))), (4, (3, ('3:0:0', '3:1:0', '3:26:0', '3:29:0', '3:31:0', '3:6:0'), 0, 8, ((482, 'SORT', (67, 68, 69, 70, 71, 72), (1, 6)), (2337, 'FLIP', (165,), None)))), (5, (3, ('3:21:0',), 0, 9, ((445, 'FLIP', (6,), None),))), (6, (4, ('4:15:0', '4:29:0', '4:3:0'), 0, 10, ((2344, 'FLIP', (53, 60), None),))), (7, (5, ('5:18:0', '5:22:0', '5:33:0', '5:35:0', '5:37:0', '5:8:0'), 0, 7, ((944, 'FLIP', (34,), None), (2344, 'FLIP', (52, 57), None), (2809, 'FLIP', (8,), None), (3417, 'FLIP', (4,), None)))), (8, (5, ('5:44:0',), 0, 3, ((1479, 'FLIP', (143,), None),))), (9, (6, ('6:0:0', '6:13:0', '6:1:0', '6:3:0', '6:4:0', '6:9:0'), 0, 4, ((3521, 'FLIP', (120,), None), (1049, 'FLIP', (84,), None)))), (10, (6, ('6:14:0',), 0, 11, ((1892, 'FLIP', (0,), None),))), (11, (7, ('7:0:0', '7:1:0', '7:2:0', '7:3:0', '7:4:0', '7:5:0'), 0, 1, ((2116, 'SORT', (98, 99), (1, 2)),))), (12, (7, ('7:16:0', '7:6:0'), 0, 12, ((944, 'SORT', (35, 36, 37), (1, 3)),))))",False
9,X,1,exact,x_destroy_low_consolidation,x_repair_affinity_pack,False,greedy_repair,1,3124.5572300903123,3124.5572300903123,0,0.0,"((0, (0, ('0:14:0', '0:2:0', '0:3:0', '0:4:0', '0:6:0'), 0, 0, ((1948, 'SORT', (132, 133, 134), (0, 2)),))), (1, (1, ('1:35:0', '1:3:0', '1:46:0'), 1, 0, ((3521, 'SORT', (116, 117), (1, 2)), (487, 'FLIP', (147,), None)))), (2, (2, ('2:1:0', '2:2:0', '2:3:0', '2:4:0', '2:8:0', '2:9:0'), 2, 0, ((3477, 'SORT', (169, 170, 171, 172), (0, 3)),))), (3, (2, ('2:17:0', '2:18:0'), 3, 0, ((2968, 'FLIP', (10,), None), (2881, 'FLIP', (9,), None)))), (4, (3, ('3:0:0', '3:1:0', '3:26:0', '3:29:0', '3:31:0', '3:6:0'), 4, 0, ((482, 'SORT', (67, 68, 69, 70, 71, 72), (1, 6)), (2337, 'FLIP', (165,), None)))), (5, (3, ('3:21:0',), 5, 0, ((445, 'FLIP', (6,), None),))), (6, (4, ('4:15:0', '4:29:0', '4:3:0'), 5, 1, ((2344, 'FLIP', (53, 60), None),))), (7, (5, ('5:18:0', '5:22:0', '5:33:0', '5:35:0', '5:37:0', '5:8:0'), 3, 1, ((944, 'FLIP', (34,), None), (2344, 'FLIP', (52, 57), None), (2809, 'FLIP', (8,), None), (3417, 'FLIP', (4,), None)))), (8, (5, ('5:44:0',), 1, 1, ((1479, 'FLIP', (143,), None),))), (9, (6, ('6:0:0', '6:13:0', '6:1:0', '6:3:0', '6:4:0', '6:9:0'), 1, 2, ((3521, 'FLIP', (120,), None), (1049, 'FLIP', (84,), None)))), (10, (6, ('6:14:0',), 5, 2, ((1892, 'FLIP', (0,), None),))), (11, (7, ('7:0:0', '7:1:0', '7:2:0', '7:3:0', '7:4:0', '7:5:0'), 0, 1, ((2116, 'SORT', (98, 99), (1, 2)),))), (12, (7, ('7:16:0', '7:6:0'), 5, 3, ((944, 'SORT', (35, 36, 37), (1, 3)),))))",True
10,Y,3,rough,y_destroy_initial_idle_head,y_repair_arrival_aware_rank,False,,0,3115.9982012207793,3115.997407520253,0,0.0,"('Y', 'y_destroy_initial_idle_head', ((1, 1, 0), (4, 4, 0)), 'y_repair_arrival_aware_rank', ((1, 0, 2), (4, 1, 2)))",False
10,Y,2,rough,y_destroy_max_tardiness_blocker,y_repair_arrival_aware_rank,False,,0,3063.6970363002233,3063.696242599697,0,0.0,"('Y', 'y_destroy_max_tardiness_blocker', ((6, 5, 1), (11, 0, 1)), 'y_repair_arrival_aware_rank', ((6, 0, 1), (11, 1, 3)))",False
10,Y,1,rough,y_destroy_rank_window_release,y_repair_regret2_station,False,,0,2958.585498768473,2958.5847050679467,0,0.0,"('Y', 'y_destroy_rank_window_release', ((10, 5, 2), (12, 5, 3)), 'y_repair_regret2_station', ((10, 2, 1), (12, 1, 3)))",False
10,Y,1,exact,y_destroy_rank_window_release,y_repair_regret2_station,False,,0,3060.9963823891626,3060.9959375679887,0,0.0,"((0, (0, ('0:14:0', '0:2:0', '0:3:0', '0:4:0', '0:6:0'), 0, 0, ((1948, 'SORT', (132, 133, 134), (0, 2)),))), (1, (1, ('1:35:0', '1:3:0', '1:46:0'), 1, 0, ((3521, 'SORT', (116, 117), (1, 2)), (487, 'FLIP', (147,), None)))), (2, (2, ('2:1:0', '2:2:0', '2:3:0', '2:4:0', '2:8:0', '2:9:0'), 2, 0, ((3477, 'SORT', (169, 170, 171, 172), (0, 3)),))), (3, (2, ('2:17:0', '2:18:0'), 3, 0, ((2968, 'FLIP', (10,), None), (2881, 'FLIP', (9,), None)))), (4, (3, ('3:0:0', '3:1:0', '3:26:0', '3:29:0', '3:31:0', '3:6:0'), 4, 0, ((482, 'SORT', (67, 68, 69, 70, 71, 72), (1, 6)), (2337, 'FLIP', (165,), None)))), (5, (3, ('3:21:0',), 5, 0, ((445, 'FLIP', (6,), None),))), (6, (4, ('4:15:0', '4:29:0', '4:3:0'), 5, 1, ((2344, 'FLIP', (53, 60), None),))), (7, (5, ('5:18:0', '5:22:0', '5:33:0', '5:35:0', '5:37:0', '5:8:0'), 3, 1, ((944, 'FLIP', (34,), None), (2344, 'FLIP', (52, 57), None), (2809, 'FLIP', (8,), None), (3417, 'FLIP', (4,), None)))), (8, (5, ('5:44:0',), 1, 1, ((1479, 'FLIP', (143,), None),))), (9, (6, ('6:0:0', '6:13:0', '6:1:0', '6:3:0', '6:4:0', '6:9:0'), 1, 2, ((3521, 'FLIP', (120,), None), (1049, 'FLIP', (84,), None)))), (10, (6, ('6:14:0',), 2, 1, ((1892, 'FLIP', (0,), None),))), (11, (7, ('7:0:0', '7:1:0', '7:2:0', '7:3:0', '7:4:0', '7:5:0'), 0, 1, ((2116, 'SORT', (98, 99), (1, 2)),))), (12, (7, ('7:16:0', '7:6:0'), 1, 3, ((944, 'SORT', (35, 36, 37), (1, 3)),))))",True
11,Z,1,rough,z_destroy_multistack_window,z_repair_bounded_detour_window,False,,0,3055.1463823891627,3055.142874640695,0,0.0,"('Z', 'z_destroy_multistack_window', ((1, (9, 10)),), 'z_repair_bounded_detour_window', (3521, 487), ('SORT',))",False
11,Z,3,rough,z_destroy_noise_window,z_repair_mode_toggle_contextual,False,,0,3142.896382389163,3142.8964005353096,0,0.0,"('Z', 'z_destroy_noise_window', ((4, (6, 7)),), 'z_repair_mode_toggle_contextual', (482, 2337), ('SORT',))",False
11,Z,2,rough,z_destroy_noise_window,z_repair_bounded_detour_window,False,,0,3131.196382389163,3131.1959304160277,0,0.0,"('Z', 'z_destroy_noise_window', ((4, (6, 7)), (12, (14,))), 'z_repair_bounded_detour_window', (944, 2344, 482, 2337), ('SORT', 'SORT'))",False
12,Z,2,rough,z_destroy_noise_window,z_repair_bounded_detour_window,False,,0,3142.3645642073443,3142.3645616493177,0,0.0,"('Z', 'z_destroy_noise_window', ((2, (18,)), (4, (6, 7))), 'z_repair_bounded_detour_window', (3477, 2344, 482, 2337), ('SORT', 'SORT'))",False
12,Z,1,rough,z_destroy_mode_window,z_repair_same_stack_window,False,,0,3110.7213823891625,3110.720370673485,0,0.0,"('Z', 'z_destroy_mode_window', ((0, (8,)), (4, (6, 7))), 'z_repair_same_stack_window', (1948, 2344, 482, 2337), ('SORT', 'SORT'))",False
12,Z,3,rough,z_destroy_noise_window,z_repair_sort_range_shrink_first,False,,0,3142.896382389163,3142.8963967917693,0,0.0,"('Z', 'z_destroy_noise_window', ((4, (6, 7)),), 'z_repair_sort_range_shrink_first', (482, 2337), ('SORT',))",False
13,Z,2,rough,z_destroy_noise_window,z_repair_same_stack_window,False,,0,3142.896382389163,3142.8963938205193,0,0.0,"('Z', 'z_destroy_noise_window', ((4, (6, 7)),), 'z_repair_same_stack_window', (482, 2337), ('SORT',))",False
13,Z,1,rough,z_destroy_multistack_window,z_repair_bounded_detour_window,False,,0,2885.4963823891626,2885.4898783755475,0,0.0,"('Z', 'z_destroy_multistack_window', ((7, (0, 1, 2)),), 'z_repair_bounded_detour_window', (944, 2344), ('FLIP',))",False
14,Z,1,rough,z_destroy_noise_window,z_repair_same_stack_window,False,,0,3171.1713823891628,3171.171959523035,0,0.0,"('Z', 'z_destroy_noise_window', ((0, (8,)), (12, (14,))), 'z_repair_same_stack_window', (944, 2344, 1948), ('SORT', 'SORT'))",False
14,Z,3,rough,z_destroy_mode_window,z_repair_mode_toggle_contextual,False,,0,3195.5463823891628,3195.5474492306203,0,0.0,"('Z', 'z_destroy_mode_window', ((0, (8,)), (2, (18,))), 'z_repair_mode_toggle_contextual', (1948, 2344, 3477), ('SORT', 'SORT'))",False
14,Z,2,rough,z_destroy_detour_window,z_repair_sort_range_shrink_first,False,,0,3195.5463823891628,3195.5474492306203,0,0.0,"('Z', 'z_destroy_detour_window', ((0, (8,)), (2, (18,))), 'z_repair_sort_range_shrink_first', (3477, 2344, 1948), ('SORT', 'SORT'))",False
15,Z,2,rough,z_destroy_noise_window,z_repair_same_stack_window,False,,0,3224.7963823891628,3224.7976955591903,0,0.0,"('Z', 'z_destroy_noise_window', ((2, (18,)), (12, (14,))), 'z_repair_same_stack_window', (3477, 2344, 944), ('SORT', 'SORT'))",False
15,Z,1,rough,z_destroy_noise_window,z_repair_sort_range_shrink_first,False,,0,3142.3645642073443,3142.364562928331,0,0.0,"('Z', 'z_destroy_noise_window', ((2, (18,)), (4, (6, 7))), 'z_repair_sort_range_shrink_first', (3477, 2344, 482, 2337), ('SORT', 'SORT'))",False
16,Z,2,rough,z_destroy_mode_window,z_repair_mode_toggle_contextual,False,,0,3142.896382389163,3142.896388104841,0,0.0,"('Z', 'z_destroy_mode_window', ((4, (6, 7)),), 'z_repair_mode_toggle_contextual', (482, 2337), ('SORT',))",False
16,Z,1,rough,z_destroy_mode_window,z_repair_sort_range_shrink_first,False,,0,3055.1463823891627,3055.14527751763,0,0.0,"('Z', 'z_destroy_mode_window', ((1, (9, 10)),), 'z_repair_sort_range_shrink_first', (3521, 487), ('SORT',))",False
16,Z,3,rough,z_destroy_detour_window,z_repair_mode_toggle_contextual,False,,0,3195.5463823891628,3195.547054457167,0,0.0,"('Z', 'z_destroy_detour_window', ((0, (8,)), (2, (18,))), 'z_repair_mode_toggle_contextual', (3477, 2344, 1948), ('SORT', 'SORT'))",False
17,X,1,exact,x_destroy_low_consolidation,x_repair_template_preserve,False,greedy_repair,1,3060.9963823891626,3060.995564216956,0,0.0,"((0, (0, ('0:14:0', '0:2:0', '0:3:0', '0:4:0', '0:6:0'), 0, 0, ((1948, 'SORT', (132, 133, 134), (0, 2)),))), (1, (1, ('1:35:0', '1:3:0', '1:46:0'), 1, 0, ((3521, 'SORT', (116, 117), (1, 2)), (487, 'FLIP', (147,), None)))), (2, (2, ('2:1:0', '2:2:0', '2:3:0', '2:4:0', '2:8:0', '2:9:0'), 2, 0, ((3477, 'SORT', (169, 170, 171, 172), (0, 3)),))), (3, (2, ('2:17:0', '2:18:0'), 3, 0, ((2968, 'FLIP', (10,), None), (2881, 'FLIP', (9,), None)))), (4, (3, ('3:0:0', '3:1:0', '3:26:0', '3:29:0', '3:31:0', '3:6:0'), 4, 0, ((482, 'SORT', (67, 68, 69, 70, 71, 72), (1, 6)), (2337, 'FLIP', (165,), None)))), (5, (3, ('3:21:0',), 5, 0, ((445, 'FLIP', (6,), None),))), (6, (4, ('4:15:0', '4:29:0', '4:3:0'), 5, 1, ((2344, 'FLIP', (53, 60), None),))), (7, (5, ('5:18:0', '5:22:0', '5:33:0', '5:35:0', '5:37:0', '5:8:0'), 3, 1, ((944, 'FLIP', (34,), None), (2344, 'FLIP', (52, 57), None), (2809, 'FLIP', (8,), None), (3417, 'FLIP', (4,), None)))), (8, (5, ('5:44:0',), 1, 1, ((1479, 'FLIP', (143,), None),))), (9, (6, ('6:0:0', '6:13:0', '6:1:0', '6:3:0', '6:4:0', '6:9:0'), 1, 2, ((3521, 'FLIP', (120,), None), (1049, 'FLIP', (84,), None)))), (10, (6, ('6:14:0',), 2, 1, ((1892, 'FLIP', (0,), None),))), (11, (7, ('7:0:0', '7:1:0', '7:2:0', '7:3:0', '7:4:0', '7:5:0'), 0, 1, ((2116, 'SORT', (98, 99), (1, 2)),))), (12, (7, ('7:16:0', '7:6:0'), 1, 3, ((944, 'SORT', (35, 36, 37), (1, 3)),))))",True
18,Z,2,rough,z_destroy_multistack_window,z_repair_mode_toggle_contextual,False,,0,3055.1463823891627,3055.1410590796672,0,0.0,"('Z', 'z_destroy_multistack_window', ((1, (9, 10)),), 'z_repair_mode_toggle_contextual', (3521, 487), ('SORT',))",False
18,Z,3,rough,z_destroy_detour_window,z_repair_bounded_detour_window,False,,0,3195.5463823891628,3195.5508659232255,0,0.0,"('Z', 'z_destroy_detour_window', ((0, (8,)), (2, (18,))), 'z_repair_bounded_detour_window', (3477, 2344, 1948), ('SORT', 'SORT'))",False
18,Z,1,rough,z_destroy_multistack_window,z_repair_mode_toggle_contextual,False,,0,2885.4963823891626,2885.4792091437007,0,0.0,"('Z', 'z_destroy_multistack_window', ((7, (0, 1, 2)),), 'z_repair_mode_toggle_contextual', (944, 2344), ('FLIP',))",False
19,Z,3,rough,z_destroy_noise_window,z_repair_mode_toggle_contextual,False,,0,3224.7963823891628,3224.8015625760254,0,0.0,"('Z', 'z_destroy_noise_window', ((2, (18,)), (12, (14,))), 'z_repair_mode_toggle_contextual', (3477, 2344, 944), ('SORT', 'SORT'))",False
19,Z,2,rough,z_destroy_multistack_window,z_repair_same_stack_window,False,,0,3055.1463823891627,3055.1421572756162,0,0.0,"('Z', 'z_destroy_multistack_window', ((1, (9, 10)),), 'z_repair_same_stack_window', (3521, 487), ('SORT',))",False
19,Z,1,rough,z_destroy_mode_window,z_repair_sort_range_shrink_first,False,,0,3049.2963823891628,3049.2918329549125,0,0.0,"('Z', 'z_destroy_mode_window', ((0, (8,)), (1, (9, 10))), 'z_repair_sort_range_shrink_first', (1948, 2344, 3521, 487), ('SORT', 'SORT'))",False
20,Z,1,rough,z_destroy_multistack_window,z_repair_mode_toggle_contextual,False,,0,3031.7463823891626,3031.7419992602654,0,0.0,"('Z', 'z_destroy_multistack_window', ((3, (4, 5)),), 'z_repair_mode_toggle_contextual', (2968, 2881), ('FLIP',))",False
20,Z,3,rough,z_destroy_noise_window,z_repair_sort_range_shrink_first,False,,0,3195.5463823891628,3195.5492068386343,0,0.0,"('Z', 'z_destroy_noise_window', ((0, (8,)), (2, (18,))), 'z_repair_sort_range_shrink_first', (3477, 2344, 1948), ('SORT', 'SORT'))",False
20,Z,2,rough,z_destroy_noise_window,z_repair_same_stack_window,False,,0,3131.196382389163,3131.1963752899896,0,0.0,"('Z', 'z_destroy_noise_window', ((4, (6, 7)), (12, (14,))), 'z_repair_same_stack_window', (944, 2344, 482, 2337), ('SORT', 'SORT'))",False
21,X,1,exact,x_destroy_group_boundary_release,x_repair_template_preserve,False,greedy_repair,1,3060.9963823891626,3060.9939250436555,0,0.0,"((0, (0, ('0:14:0', '0:2:0', '0:3:0', '0:4:0', '0:6:0'), 0, 0, ((1948, 'SORT', (132, 133, 134), (0, 2)),))), (1, (1, ('1:35:0', '1:3:0', '1:46:0'), 1, 0, ((3521, 'SORT', (116, 117), (1, 2)), (487, 'FLIP', (147,), None)))), (2, (2, ('2:1:0', '2:2:0', '2:3:0', '2:4:0', '2:8:0', '2:9:0'), 2, 0, ((3477, 'SORT', (169, 170, 171, 172), (0, 3)),))), (3, (2, ('2:17:0', '2:18:0'), 3, 0, ((2968, 'FLIP', (10,), None), (2881, 'FLIP', (9,), None)))), (4, (3, ('3:0:0', '3:1:0', '3:26:0', '3:29:0', '3:31:0', '3:6:0'), 4, 0, ((482, 'SORT', (67, 68, 69, 70, 71, 72), (1, 6)), (2337, 'FLIP', (165,), None)))), (5, (3, ('3:21:0',), 5, 0, ((445, 'FLIP', (6,), None),))), (6, (4, ('4:15:0', '4:29:0', '4:3:0'), 5, 1, ((2344, 'FLIP', (53, 60), None),))), (7, (5, ('5:18:0', '5:22:0', '5:33:0', '5:35:0', '5:37:0', '5:8:0'), 3, 1, ((944, 'FLIP', (34,), None), (2344, 'FLIP', (52, 57), None), (2809, 'FLIP', (8,), None), (3417, 'FLIP', (4,), None)))), (8, (5, ('5:44:0',), 1, 1, ((1479, 'FLIP', (143,), None),))), (9, (6, ('6:0:0', '6:13:0', '6:1:0', '6:3:0', '6:4:0', '6:9:0'), 1, 2, ((3521, 'FLIP', (120,), None), (1049, 'FLIP', (84,), None)))), (10, (6, ('6:14:0',), 2, 1, ((1892, 'FLIP', (0,), None),))), (11, (7, ('7:0:0', '7:1:0', '7:2:0', '7:3:0', '7:4:0', '7:5:0'), 0, 1, ((2116, 'SORT', (98, 99), (1, 2)),))), (12, (7, ('7:16:0', '7:6:0'), 1, 3, ((944, 'SORT', (35, 36, 37), (1, 3)),))))",True
22,Z,2,rough,z_destroy_mode_window,z_repair_mode_toggle_contextual,False,,0,3055.1463823891627,3055.139830511323,0,0.0,"('Z', 'z_destroy_mode_window', ((1, (9, 10)),), 'z_repair_mode_toggle_contextual', (3521, 487), ('SORT',))",False
22,Z,3,rough,z_destroy_detour_window,z_repair_same_stack_window,False,,0,3195.5463823891628,3195.5536694157045,0,0.0,"('Z', 'z_destroy_detour_window', ((0, (8,)), (2, (18,))), 'z_repair_same_stack_window', (1948, 2344, 3477), ('SORT', 'SORT'))",False
22,Z,1,rough,z_destroy_multistack_window,z_repair_sort_range_shrink_first,False,,0,2908.8963823891627,2908.8754149859255,0,0.0,"('Z', 'z_destroy_multistack_window', ((7, (0, 1, 2)),), 'z_repair_sort_range_shrink_first', (944, 2344), ('SORT',))",False
23,Z,2,rough,z_destroy_multistack_window,z_repair_sort_range_shrink_first,False,,0,3055.1463823891627,3055.141182160275,0,0.0,"('Z', 'z_destroy_multistack_window', ((1, (9, 10)),), 'z_repair_sort_range_shrink_first', (3521, 487), ('SORT',))",False
23,Z,1,rough,z_destroy_multistack_window,z_repair_same_stack_window,False,,0,2885.4963823891626,2885.47790989257,0,0.0,"('Z', 'z_destroy_multistack_window', ((7, (0, 1, 2)),), 'z_repair_same_stack_window', (944, 2344), ('FLIP',))",False
23,Z,3,rough,z_destroy_mode_window,z_repair_same_stack_window,False,,0,3142.896382389163,3142.89804712633,0,0.0,"('Z', 'z_destroy_mode_window', ((4, (6, 7)),), 'z_repair_same_stack_window', (482, 2337), ('SORT',))",False
24,Z,2,rough,z_destroy_detour_window,z_repair_sort_range_shrink_first,False,,0,3055.1463823891627,3055.1422549647596,0,0.0,"('Z', 'z_destroy_detour_window', ((1, (9, 10)),), 'z_repair_sort_range_shrink_first', (3521, 487), ('SORT',))",False
24,Z,3,rough,z_destroy_noise_window,z_repair_mode_toggle_contextual,False,,0,3195.5463823891628,3195.5509729282285,0,0.0,"('Z', 'z_destroy_noise_window', ((0, (8,)), (2, (18,))), 'z_repair_mode_toggle_contextual', (3477, 2344, 1948), ('SORT', 'SORT'))",False
24,Z,1,rough,z_destroy_detour_window,z_repair_bounded_detour_window,False,,0,3025.896382389162,3025.8904387223697,0,0.0,"('Z', 'z_destroy_detour_window', ((0, (8,)), (3, (4, 5))), 'z_repair_bounded_detour_window', (1948, 2344, 2968, 2881), ('SORT', 'FLIP'))",False
25,Z,3,rough,z_destroy_noise_window,z_repair_mode_toggle_contextual,False,,0,3224.7963823891628,3224.8014674549736,0,0.0,"('Z', 'z_destroy_noise_window', ((2, (18,)), (12, (14,))), 'z_repair_mode_toggle_contextual', (944, 2344, 3477), ('SORT', 'SORT'))",False
25,Z,2,rough,z_destroy_detour_window,z_repair_same_stack_window,False,,0,3055.1463823891627,3055.1431064502426,0,0.0,"('Z', 'z_destroy_detour_window', ((1, (9, 10)),), 'z_repair_same_stack_window', (3521, 487), ('SORT',))",False
25,Z,1,rough,z_destroy_detour_window,z_repair_mode_toggle_contextual,False,,0,3055.1463823891627,3055.1431064502426,0,0.0,"('Z', 'z_destroy_detour_window', ((1, (9, 10)),), 'z_repair_mode_toggle_contextual', (3521, 487), ('SORT',))",False
26,X,1,exact,x_destroy_spatial_outliers,x_repair_template_preserve,False,greedy_repair,1,3060.9963823891626,3060.9940111069204,0,0.0,"((0, (0, ('0:14:0', '0:2:0', '0:3:0', '0:4:0', '0:6:0'), 0, 0, ((1948, 'SORT', (132, 133, 134), (0, 2)),))), (1, (1, ('1:35:0', '1:3:0', '1:46:0'), 1, 0, ((3521, 'SORT', (116, 117), (1, 2)), (487, 'FLIP', (147,), None)))), (2, (2, ('2:1:0', '2:2:0', '2:3:0', '2:4:0', '2:8:0', '2:9:0'), 2, 0, ((3477, 'SORT', (169, 170, 171, 172), (0, 3)),))), (3, (2, ('2:17:0', '2:18:0'), 3, 0, ((2968, 'FLIP', (10,), None), (2881, 'FLIP', (9,), None)))), (4, (3, ('3:0:0', '3:1:0', '3:26:0', '3:29:0', '3:31:0', '3:6:0'), 4, 0, ((482, 'SORT', (67, 68, 69, 70, 71, 72), (1, 6)), (2337, 'FLIP', (165,), None)))), (5, (3, ('3:21:0',), 5, 0, ((445, 'FLIP', (6,), None),))), (6, (4, ('4:15:0', '4:29:0', '4:3:0'), 5, 1, ((2344, 'FLIP', (53, 60), None),))), (7, (5, ('5:18:0', '5:22:0', '5:33:0', '5:35:0', '5:37:0', '5:8:0'), 3, 1, ((944, 'FLIP', (34,), None), (2344, 'FLIP', (52, 57), None), (2809, 'FLIP', (8,), None), (3417, 'FLIP', (4,), None)))), (8, (5, ('5:44:0',), 1, 1, ((1479, 'FLIP', (143,), None),))), (9, (6, ('6:0:0', '6:13:0', '6:1:0', '6:3:0', '6:4:0', '6:9:0'), 1, 2, ((3521, 'FLIP', (120,), None), (1049, 'FLIP', (84,), None)))), (10, (6, ('6:14:0',), 2, 1, ((1892, 'FLIP', (0,), None),))), (11, (7, ('7:0:0', '7:1:0', '7:2:0', '7:3:0', '7:4:0', '7:5:0'), 0, 1, ((2116, 'SORT', (98, 99), (1, 2)),))), (12, (7, ('7:16:0', '7:6:0'), 1, 3, ((944, 'SORT', (35, 36, 37), (1, 3)),))))",True
27,Y,2,rough,y_destroy_cross_station_fragment,y_repair_arrival_aware_rank,False,,0,3190.6779399828924,3190.7760198553665,0,0.0,"('Y', 'y_destroy_cross_station_fragment', ((2, 2, 0), (3, 3, 0)), 'y_repair_arrival_aware_rank', ((2, 1, 4), (3, 0, 2)))",False
27,Y,1,rough,y_destroy_rank_window_release,y_repair_arrival_aware_rank,False,,0,3088.2082024235287,3088.2233930299813,0,0.0,"('Y', 'y_destroy_rank_window_release', ((8, 1, 1), (9, 1, 2)), 'y_repair_arrival_aware_rank', ((8, 1, 2), (9, 0, 2)))",False
27,Y,3,rough,y_destroy_max_tardiness_blocker,y_repair_load_balance,False,,0,3215.9157884881874,3216.034283624606,0,0.0,"('Y', 'y_destroy_max_tardiness_blocker', ((5, 5, 0), (12, 1, 3)), 'y_repair_load_balance', ((5, 1, 3), (12, 0, 2)))",False
27,Y,1,exact,y_destroy_rank_window_release,y_repair_arrival_aware_rank,False,,0,3081.462833538588,3081.4639479170464,0,0.0,"((0, (0, ('0:14:0', '0:2:0', '0:3:0', '0:4:0', '0:6:0'), 0, 0, ((1948, 'SORT', (132, 133, 134), (0, 2)),))), (1, (1, ('1:35:0', '1:3:0', '1:46:0'), 1, 0, ((3521, 'SORT', (116, 117), (1, 2)), (487, 'FLIP', (147,), None)))), (2, (2, ('2:1:0', '2:2:0', '2:3:0', '2:4:0', '2:8:0', '2:9:0'), 2, 0, ((3477, 'SORT', (169, 170, 171, 172), (0, 3)),))), (3, (2, ('2:17:0', '2:18:0'), 3, 0, ((2968, 'FLIP', (10,), None), (2881, 'FLIP', (9,), None)))), (4, (3, ('3:0:0', '3:1:0', '3:26:0', '3:29:0', '3:31:0', '3:6:0'), 4, 0, ((482, 'SORT', (67, 68, 69, 70, 71, 72), (1, 6)), (2337, 'FLIP', (165,), None)))), (5, (3, ('3:21:0',), 5, 0, ((445, 'FLIP', (6,), None),))), (6, (4, ('4:15:0', '4:29:0', '4:3:0'), 5, 1, ((2344, 'FLIP', (53, 60), None),))), (7, (5, ('5:18:0', '5:22:0', '5:33:0', '5:35:0', '5:37:0', '5:8:0'), 3, 1, ((944, 'FLIP', (34,), None), (2344, 'FLIP', (52, 57), None), (2809, 'FLIP', (8,), None), (3417, 'FLIP', (4,), None)))), (8, (5, ('5:44:0',), 1, 1, ((1479, 'FLIP', (143,), None),))), (9, (6, ('6:0:0', '6:13:0', '6:1:0', '6:3:0', '6:4:0', '6:9:0'), 0, 2, ((3521, 'FLIP', (120,), None), (1049, 'FLIP', (84,), None)))), (10, (6, ('6:14:0',), 2, 1, ((1892, 'FLIP', (0,), None),))), (11, (7, ('7:0:0', '7:1:0', '7:2:0', '7:3:0', '7:4:0', '7:5:0'), 0, 1, ((2116, 'SORT', (98, 99), (1, 2)),))), (12, (7, ('7:16:0', '7:6:0'), 1, 2, ((944, 'SORT', (35, 36, 37), (1, 3)),))))",True
28,Z,3,rough,z_destroy_detour_window,z_repair_mode_toggle_contextual,False,,0,3195.5463823891628,3195.5544960778448,0,0.0,"('Z', 'z_destroy_detour_window', ((0, (8,)), (2, (18,))), 'z_repair_mode_toggle_contextual', (1948, 2344, 3477), ('SORT', 'SORT'))",False
28,Z,2,rough,z_destroy_noise_window,z_repair_mode_toggle_contextual,False,,0,3142.896382389163,3142.899202566337,0,0.0,"('Z', 'z_destroy_noise_window', ((4, (6, 7)),), 'z_repair_mode_toggle_contextual', (482, 2337), ('SORT',))",False
28,Z,1,rough,z_destroy_detour_window,z_repair_sort_range_shrink_first,False,,0,3049.2963823891628,3049.2897918792114,0,0.0,"('Z', 'z_destroy_detour_window', ((0, (8,)), (1, (9, 10))), 'z_repair_sort_range_shrink_first', (1948, 2344, 3521, 487), ('SORT', 'SORT'))",False
29,X,1,exact,x_destroy_low_consolidation,x_repair_affinity_pack,False,greedy_repair,1,3091.7088823891627,3091.706137959751,0,0.0,"((0, (0, ('0:14:0', '0:2:0', '0:3:0', '0:4:0', '0:6:0'), 0, 0, ((1948, 'SORT', (132, 133, 134), (0, 2)),))), (1, (1, ('1:35:0', '1:3:0', '1:46:0'), 1, 0, ((3521, 'SORT', (116, 117), (1, 2)), (487, 'FLIP', (147,), None)))), (2, (2, ('2:1:0', '2:2:0', '2:3:0', '2:4:0', '2:8:0', '2:9:0'), 2, 1, ((3477, 'SORT', (169, 170, 171, 172), (0, 3)),))), (3, (2, ('2:17:0', '2:18:0'), 3, 0, ((2968, 'FLIP', (10,), None), (2881, 'FLIP', (9,), None)))), (4, (3, ('3:0:0', '3:1:0', '3:26:0', '3:29:0', '3:31:0', '3:6:0'), 4, 0, ((482, 'SORT', (67, 68, 69, 70, 71, 72), (1, 6)), (2337, 'FLIP', (165,), None)))), (5, (3, ('3:21:0',), 5, 0, ((445, 'FLIP', (6,), None),))), (6, (4, ('4:15:0', '4:29:0', '4:3:0'), 5, 1, ((2344, 'FLIP', (53, 60), None),))), (7, (5, ('5:18:0', '5:22:0', '5:33:0', '5:35:0', '5:37:0', '5:8:0'), 3, 1, ((944, 'FLIP', (34,), None), (2344, 'FLIP', (52, 57), None), (2809, 'FLIP', (8,), None), (3417, 'FLIP', (4,), None)))), (8, (5, ('5:44:0',), 1, 1, ((1479, 'FLIP', (143,), None),))), (9, (6, ('6:0:0', '6:13:0', '6:1:0', '6:3:0', '6:4:0', '6:9:0'), 1, 2, ((3521, 'FLIP', (120,), None), (1049, 'FLIP', (84,), None)))), (10, (6, ('6:14:0',), 2, 0, ((1892, 'FLIP', (0,), None),))), (11, (7, ('7:0:0', '7:1:0', '7:2:0', '7:3:0', '7:4:0', '7:5:0'), 0, 1, ((2116, 'SORT', (98, 99), (1, 2)),))), (12, (7, ('7:16:0', '7:6:0'), 1, 3, ((944, 'SORT', (35, 36, 37), (1, 3)),))))",True
30,Y,3,rough,y_destroy_max_tardiness_blocker,y_repair_regret2_station,False,,0,3215.9157884881874,3215.9750360563967,0,0.0,"('Y', 'y_destroy_max_tardiness_blocker', ((5, 5, 0), (12, 1, 3)), 'y_repair_regret2_station', ((5, 1, 3), (12, 0, 2)))",False
30,Y,2,rough,y_destroy_cross_station_fragment,y_repair_arrival_aware_rank,False,,0,3146.2499902887525,3146.281061016574,0,0.0,"('Y', 'y_destroy_cross_station_fragment', ((7, 3, 1), (8, 1, 1)), 'y_repair_arrival_aware_rank', ((7, 0, 2), (8, 1, 3)))",False
30,Y,1,rough,y_destroy_rank_window_release,y_repair_regret2_station,False,,0,3099.908202423529,3099.9205298771226,0,0.0,"('Y', 'y_destroy_rank_window_release', ((9, 1, 2), (12, 1, 3)), 'y_repair_regret2_station', ((9, 0, 2), (12, 1, 2)))",False
30,Y,1,exact,y_destroy_rank_window_release,y_repair_regret2_station,False,,0,3081.462833538588,3081.463390727817,0,0.0,"((0, (0, ('0:14:0', '0:2:0', '0:3:0', '0:4:0', '0:6:0'), 0, 0, ((1948, 'SORT', (132, 133, 134), (0, 2)),))), (1, (1, ('1:35:0', '1:3:0', '1:46:0'), 1, 0, ((3521, 'SORT', (116, 117), (1, 2)), (487, 'FLIP', (147,), None)))), (2, (2, ('2:1:0', '2:2:0', '2:3:0', '2:4:0', '2:8:0', '2:9:0'), 2, 0, ((3477, 'SORT', (169, 170, 171, 172), (0, 3)),))), (3, (2, ('2:17:0', '2:18:0'), 3, 0, ((2968, 'FLIP', (10,), None), (2881, 'FLIP', (9,), None)))), (4, (3, ('3:0:0', '3:1:0', '3:26:0', '3:29:0', '3:31:0', '3:6:0'), 4, 0, ((482, 'SORT', (67, 68, 69, 70, 71, 72), (1, 6)), (2337, 'FLIP', (165,), None)))), (5, (3, ('3:21:0',), 5, 0, ((445, 'FLIP', (6,), None),))), (6, (4, ('4:15:0', '4:29:0', '4:3:0'), 5, 1, ((2344, 'FLIP', (53, 60), None),))), (7, (5, ('5:18:0', '5:22:0', '5:33:0', '5:35:0', '5:37:0', '5:8:0'), 3, 1, ((944, 'FLIP', (34,), None), (2344, 'FLIP', (52, 57), None), (2809, 'FLIP', (8,), None), (3417, 'FLIP', (4,), None)))), (8, (5, ('5:44:0',), 1, 1, ((1479, 'FLIP', (143,), None),))), (9, (6, ('6:0:0', '6:13:0', '6:1:0', '6:3:0', '6:4:0', '6:9:0'), 0, 2, ((3521, 'FLIP', (120,), None), (1049, 'FLIP', (84,), None)))), (10, (6, ('6:14:0',), 2, 1, ((1892, 'FLIP', (0,), None),))), (11, (7, ('7:0:0', '7:1:0', '7:2:0', '7:3:0', '7:4:0', '7:5:0'), 0, 1, ((2116, 'SORT', (98, 99), (1, 2)),))), (12, (7, ('7:16:0', '7:6:0'), 1, 2, ((944, 'SORT', (35, 36, 37), (1, 3)),))))",True
31,Z,1,rough,z_destroy_detour_window,z_repair_sort_range_shrink_first,False,,0,3049.2963823891628,3049.293087134187,0,0.0,"('Z', 'z_destroy_detour_window', ((0, (8,)), (3, (4, 5))), 'z_repair_sort_range_shrink_first', (1948, 2344, 2968, 2881), ('SORT', 'SORT'))",False
31,Z,3,rough,z_destroy_mode_window,z_repair_sort_range_shrink_first,False,,0,3142.896382389163,3142.89779247775,0,0.0,"('Z', 'z_destroy_mode_window', ((4, (6, 7)),), 'z_repair_sort_range_shrink_first', (482, 2337), ('SORT',))",False
31,Z,2,rough,z_destroy_mode_window,z_repair_bounded_detour_window,False,,0,3055.1463823891627,3055.1433812181594,0,0.0,"('Z', 'z_destroy_mode_window', ((1, (9, 10)),), 'z_repair_bounded_detour_window', (3521, 487), ('SORT',))",False
33,Y,3,rough,y_destroy_congested_station_block,y_repair_regret2_station,False,,0,3107.357062954976,3107.3647330547683,0,0.0,"('Y', 'y_destroy_congested_station_block', ((2, 2, 0), (10, 2, 1)), 'y_repair_regret2_station', ((2, 1, 4), (10, 2, 0)))",False
33,Y,2,rough,y_destroy_rank_window_release,y_repair_regret2_station,False,,0,3088.2082024235287,3088.212000075142,0,0.0,"('Y', 'y_destroy_rank_window_release', ((8, 1, 1), (9, 1, 2)), 'y_repair_regret2_station', ((8, 1, 2), (9, 0, 2)))",False
33,Y,1,rough,y_destroy_initial_idle_head,y_repair_load_balance,False,,0,3080.83130952163,3080.8336153541636,0,0.0,"('Y', 'y_destroy_initial_idle_head', ((1, 1, 0), (4, 4, 0)), 'y_repair_load_balance', ((1, 0, 2), (4, 1, 3)))",False
33,Y,1,exact,y_destroy_initial_idle_head,y_repair_load_balance,False,,0,3071.622416871922,3071.6222732006945,0,0.0,"((0, (0, ('0:14:0', '0:2:0', '0:3:0', '0:4:0', '0:6:0'), 0, 0, ((1948, 'SORT', (132, 133, 134), (0, 2)),))), (1, (1, ('1:35:0', '1:3:0', '1:46:0'), 0, 2, ((3521, 'SORT', (116, 117), (1, 2)), (487, 'FLIP', (147,), None)))), (2, (2, ('2:1:0', '2:2:0', '2:3:0', '2:4:0', '2:8:0', '2:9:0'), 2, 0, ((3477, 'SORT', (169, 170, 171, 172), (0, 3)),))), (3, (2, ('2:17:0', '2:18:0'), 3, 0, ((2968, 'FLIP', (10,), None), (2881, 'FLIP', (9,), None)))), (4, (3, ('3:0:0', '3:1:0', '3:26:0', '3:29:0', '3:31:0', '3:6:0'), 1, 2, ((482, 'SORT', (67, 68, 69, 70, 71, 72), (1, 6)), (2337, 'FLIP', (165,), None)))), (5, (3, ('3:21:0',), 5, 0, ((445, 'FLIP', (6,), None),))), (6, (4, ('4:15:0', '4:29:0', '4:3:0'), 5, 1, ((2344, 'FLIP', (53, 60), None),))), (7, (5, ('5:18:0', '5:22:0', '5:33:0', '5:35:0', '5:37:0', '5:8:0'), 3, 1, ((944, 'FLIP', (34,), None), (2344, 'FLIP', (52, 57), None), (2809, 'FLIP', (8,), None), (3417, 'FLIP', (4,), None)))), (8, (5, ('5:44:0',), 1, 0, ((1479, 'FLIP', (143,), None),))), (9, (6, ('6:0:0', '6:13:0', '6:1:0', '6:3:0', '6:4:0', '6:9:0'), 1, 1, ((3521, 'FLIP', (120,), None), (1049, 'FLIP', (84,), None)))), (10, (6, ('6:14:0',), 2, 1, ((1892, 'FLIP', (0,), None),))), (11, (7, ('7:0:0', '7:1:0', '7:2:0', '7:3:0', '7:4:0', '7:5:0'), 0, 1, ((2116, 'SORT', (98, 99), (1, 2)),))), (12, (7, ('7:16:0', '7:6:0'), 1, 3, ((944, 'SORT', (35, 36, 37), (1, 3)),))))",True
34,Z,3,rough,z_destroy_noise_window,z_repair_bounded_detour_window,False,,0,3224.7963823891628,3224.7963823891628,0,0.0,"('Z', 'z_destroy_noise_window', ((2, (18,)), (12, (14,))), 'z_repair_bounded_detour_window', (944, 2344, 3477), ('SORT', 'SORT'))",False
34,Z,1,rough,z_destroy_mode_window,z_repair_same_stack_window,False,,0,3055.1463823891627,3055.1463823891627,0,0.0,"('Z', 'z_destroy_mode_window', ((1, (9, 10)),), 'z_repair_same_stack_window', (3521, 487), ('SORT',))",False
34,Z,2,rough,z_destroy_noise_window,z_repair_same_stack_window,False,,0,3195.5463823891628,3195.5463823891628,0,0.0,"('Z', 'z_destroy_noise_window', ((0, (8,)), (2, (18,))), 'z_repair_same_stack_window', (3477, 2344, 1948), ('SORT', 'SORT'))",False
35,Y,3,rough,y_destroy_congested_station_block,y_repair_earliest_finish,False,,0,3099.908202423529,3099.908202423529,0,0.0,"('Y', 'y_destroy_congested_station_block', ((9, 1, 2), (12, 1, 3)), 'y_repair_earliest_finish', ((9, 0, 2), (12, 1, 2)))",False
35,Y,1,rough,y_destroy_initial_idle_head,y_repair_earliest_finish,False,,0,3080.83130952163,3080.83130952163,0,0.0,"('Y', 'y_destroy_initial_idle_head', ((1, 1, 0), (4, 4, 0)), 'y_repair_earliest_finish', ((1, 0, 2), (4, 1, 3)))",False
35,Y,2,rough,y_destroy_rank_window_release,y_repair_load_balance,False,,0,3088.2082024235287,3088.2082024235287,0,0.0,"('Y', 'y_destroy_rank_window_release', ((8, 1, 1), (9, 1, 2)), 'y_repair_load_balance', ((8, 1, 2), (9, 0, 2)))",False
35,Y,1,exact,y_destroy_initial_idle_head,y_repair_earliest_finish,False,,0,3071.622416871922,3071.622416871922,0,0.0,"((0, (0, ('0:14:0', '0:2:0', '0:3:0', '0:4:0', '0:6:0'), 0, 0, ((1948, 'SORT', (132, 133, 134), (0, 2)),))), (1, (1, ('1:35:0', '1:3:0', '1:46:0'), 0, 2, ((3521, 'SORT', (116, 117), (1, 2)), (487, 'FLIP', (147,), None)))), (2, (2, ('2:1:0', '2:2:0', '2:3:0', '2:4:0', '2:8:0', '2:9:0'), 2, 0, ((3477, 'SORT', (169, 170, 171, 172), (0, 3)),))), (3, (2, ('2:17:0', '2:18:0'), 3, 0, ((2968, 'FLIP', (10,), None), (2881, 'FLIP', (9,), None)))), (4, (3, ('3:0:0', '3:1:0', '3:26:0', '3:29:0', '3:31:0', '3:6:0'), 1, 2, ((482, 'SORT', (67, 68, 69, 70, 71, 72), (1, 6)), (2337, 'FLIP', (165,), None)))), (5, (3, ('3:21:0',), 5, 0, ((445, 'FLIP', (6,), None),))), (6, (4, ('4:15:0', '4:29:0', '4:3:0'), 5, 1, ((2344, 'FLIP', (53, 60), None),))), (7, (5, ('5:18:0', '5:22:0', '5:33:0', '5:35:0', '5:37:0', '5:8:0'), 3, 1, ((944, 'FLIP', (34,), None), (2344, 'FLIP', (52, 57), None), (2809, 'FLIP', (8,), None), (3417, 'FLIP', (4,), None)))), (8, (5, ('5:44:0',), 1, 0, ((1479, 'FLIP', (143,), None),))), (9, (6, ('6:0:0', '6:13:0', '6:1:0', '6:3:0', '6:4:0', '6:9:0'), 1, 1, ((3521, 'FLIP', (120,), None), (1049, 'FLIP', (84,), None)))), (10, (6, ('6:14:0',), 2, 1, ((1892, 'FLIP', (0,), None),))), (11, (7, ('7:0:0', '7:1:0', '7:2:0', '7:3:0', '7:4:0', '7:5:0'), 0, 1, ((2116, 'SORT', (98, 99), (1, 2)),))), (12, (7, ('7:16:0', '7:6:0'), 1, 3, ((944, 'SORT', (35, 36, 37), (1, 3)),))))",True
36,Z,3,rough,z_destroy_detour_window,z_repair_sort_range_shrink_first,False,,0,3195.5463823891628,3195.5463823891628,0,0.0,"('Z', 'z_destroy_detour_window', ((0, (8,)), (2, (18,))), 'z_repair_sort_range_shrink_first', (1948, 2344, 3477), ('SORT', 'SORT'))",False
36,Z,1,rough,z_destroy_mode_window,z_repair_bounded_detour_window,False,,0,3049.2963823891628,3049.2963823891628,0,0.0,"('Z', 'z_destroy_mode_window', ((0, (8,)), (1, (9, 10))), 'z_repair_bounded_detour_window', (1948, 2344, 3521, 487), ('SORT', 'SORT'))",False
36,Z,2,rough,z_destroy_noise_window,z_repair_bounded_detour_window,False,,0,3142.896382389163,3142.896382389163,0,0.0,"('Z', 'z_destroy_noise_window', ((4, (6, 7)),), 'z_repair_bounded_detour_window', (482, 2337), ('SORT',))",False
38,Y,1,rough,y_destroy_initial_idle_head,y_repair_regret2_station,False,,0,3080.83130952163,3080.83130952163,0,0.0,"('Y', 'y_destroy_initial_idle_head', ((1, 1, 0), (4, 4, 0)), 'y_repair_regret2_station', ((1, 0, 2), (4, 1, 3)))",False
38,Y,2,rough,y_destroy_load_skew_release,y_repair_load_balance,False,,0,3107.357062954976,3107.357062954976,0,0.0,"('Y', 'y_destroy_load_skew_release', ((2, 2, 0), (10, 2, 1)), 'y_repair_load_balance', ((2, 1, 4), (10, 2, 0)))",False
38,Y,3,rough,y_destroy_max_tardiness_blocker,y_repair_earliest_finish,False,,0,3215.9157884881874,3215.9157884881874,0,0.0,"('Y', 'y_destroy_max_tardiness_blocker', ((5, 5, 0), (12, 1, 3)), 'y_repair_earliest_finish', ((5, 1, 3), (12, 0, 2)))",False
38,Y,1,exact,y_destroy_initial_idle_head,y_repair_regret2_station,False,,0,3071.622416871922,3071.622416871922,0,0.0,"((0, (0, ('0:14:0', '0:2:0', '0:3:0', '0:4:0', '0:6:0'), 0, 0, ((1948, 'SORT', (132, 133, 134), (0, 2)),))), (1, (1, ('1:35:0', '1:3:0', '1:46:0'), 0, 2, ((3521, 'SORT', (116, 117), (1, 2)), (487, 'FLIP', (147,), None)))), (2, (2, ('2:1:0', '2:2:0', '2:3:0', '2:4:0', '2:8:0', '2:9:0'), 2, 0, ((3477, 'SORT', (169, 170, 171, 172), (0, 3)),))), (3, (2, ('2:17:0', '2:18:0'), 3, 0, ((2968, 'FLIP', (10,), None), (2881, 'FLIP', (9,), None)))), (4, (3, ('3:0:0', '3:1:0', '3:26:0', '3:29:0', '3:31:0', '3:6:0'), 1, 2, ((482, 'SORT', (67, 68, 69, 70, 71, 72), (1, 6)), (2337, 'FLIP', (165,), None)))), (5, (3, ('3:21:0',), 5, 0, ((445, 'FLIP', (6,), None),))), (6, (4, ('4:15:0', '4:29:0', '4:3:0'), 5, 1, ((2344, 'FLIP', (53, 60), None),))), (7, (5, ('5:18:0', '5:22:0', '5:33:0', '5:35:0', '5:37:0', '5:8:0'), 3, 1, ((944, 'FLIP', (34,), None), (2344, 'FLIP', (52, 57), None), (2809, 'FLIP', (8,), None), (3417, 'FLIP', (4,), None)))), (8, (5, ('5:44:0',), 1, 0, ((1479, 'FLIP', (143,), None),))), (9, (6, ('6:0:0', '6:13:0', '6:1:0', '6:3:0', '6:4:0', '6:9:0'), 1, 1, ((3521, 'FLIP', (120,), None), (1049, 'FLIP', (84,), None)))), (10, (6, ('6:14:0',), 2, 1, ((1892, 'FLIP', (0,), None),))), (11, (7, ('7:0:0', '7:1:0', '7:2:0', '7:3:0', '7:4:0', '7:5:0'), 0, 1, ((2116, 'SORT', (98, 99), (1, 2)),))), (12, (7, ('7:16:0', '7:6:0'), 1, 3, ((944, 'SORT', (35, 36, 37), (1, 3)),))))",True
39,Z,1,rough,z_destroy_multistack_window,z_repair_bounded_detour_window,False,,0,2885.4963823891626,2885.4963823891626,0,0.0,"('Z', 'z_destroy_multistack_window', ((7, (0, 1, 2)),), 'z_repair_bounded_detour_window', (944, 2344), ('FLIP',))",False
39,Z,3,rough,z_destroy_detour_window,z_repair_bounded_detour_window,False,,0,3055.1463823891627,3055.1463823891627,0,0.0,"('Z', 'z_destroy_detour_window', ((1, (9, 10)),), 'z_repair_bounded_detour_window', (3521, 487), ('SORT',))",False
39,Z,2,rough,z_destroy_multistack_window,z_repair_mode_toggle_contextual,False,,0,2885.4963823891626,2885.4963823891626,0,0.0,"('Z', 'z_destroy_multistack_window', ((7, (0, 1, 2)),), 'z_repair_mode_toggle_contextual', (944, 2344), ('FLIP',))",False
40,Y,3,rough,y_destroy_rank_window_release,y_repair_load_balance,False,,0,3248.6825732082852,3248.6825732082852,0,0.0,"('Y', 'y_destroy_rank_window_release', ((5, 5, 0), (6, 5, 1)), 'y_repair_load_balance', ((5, 1, 4), (6, 0, 2)))",False
40,Y,2,rough,y_destroy_cross_station_fragment,y_repair_load_balance,False,,0,3192.3697491394023,3192.3697491394023,0,0.0,"('Y', 'y_destroy_cross_station_fragment', ((4, 4, 0), (5, 5, 0)), 'y_repair_load_balance', ((4, 0, 2), (5, 1, 4)))",False
40,Y,1,rough,y_destroy_load_skew_release,y_repair_regret2_station,False,,0,3107.357062954976,3107.357062954976,0,0.0,"('Y', 'y_destroy_load_skew_release', ((2, 2, 0), (10, 2, 1)), 'y_repair_regret2_station', ((2, 1, 4), (10, 2, 0)))",False
40,Y,1,exact,y_destroy_load_skew_release,y_repair_regret2_station,False,,0,3114.959241584565,3114.959241584565,0,0.0,"((0, (0, ('0:14:0', '0:2:0', '0:3:0', '0:4:0', '0:6:0'), 0, 0, ((1948, 'SORT', (132, 133, 134), (0, 2)),))), (1, (1, ('1:35:0', '1:3:0', '1:46:0'), 1, 0, ((3521, 'SORT', (116, 117), (1, 2)), (487, 'FLIP', (147,), None)))), (2, (2, ('2:1:0', '2:2:0', '2:3:0', '2:4:0', '2:8:0', '2:9:0'), 1, 4, ((3477, 'SORT', (169, 170, 171, 172), (0, 3)),))), (3, (2, ('2:17:0', '2:18:0'), 3, 0, ((2968, 'FLIP', (10,), None), (2881, 'FLIP', (9,), None)))), (4, (3, ('3:0:0', '3:1:0', '3:26:0', '3:29:0', '3:31:0', '3:6:0'), 4, 0, ((482, 'SORT', (67, 68, 69, 70, 71, 72), (1, 6)), (2337, 'FLIP', (165,), None)))), (5, (3, ('3:21:0',), 5, 0, ((445, 'FLIP', (6,), None),))), (6, (4, ('4:15:0', '4:29:0', '4:3:0'), 5, 1, ((2344, 'FLIP', (53, 60), None),))), (7, (5, ('5:18:0', '5:22:0', '5:33:0', '5:35:0', '5:37:0', '5:8:0'), 3, 1, ((944, 'FLIP', (34,), None), (2344, 'FLIP', (52, 57), None), (2809, 'FLIP', (8,), None), (3417, 'FLIP', (4,), None)))), (8, (5, ('5:44:0',), 1, 1, ((1479, 'FLIP', (143,), None),))), (9, (6, ('6:0:0', '6:13:0', '6:1:0', '6:3:0', '6:4:0', '6:9:0'), 1, 2, ((3521, 'FLIP', (120,), None), (1049, 'FLIP', (84,), None)))), (10, (6, ('6:14:0',), 2, 0, ((1892, 'FLIP', (0,), None),))), (11, (7, ('7:0:0', '7:1:0', '7:2:0', '7:3:0', '7:4:0', '7:5:0'), 0, 1, ((2116, 'SORT', (98, 99), (1, 2)),))), (12, (7, ('7:16:0', '7:6:0'), 1, 3, ((944, 'SORT', (35, 36, 37), (1, 3)),))))",True
41,Z,3,rough,z_destroy_detour_window,z_repair_same_stack_window,False,,0,3195.5463823891628,3195.5463823891628,0,0.0,"('Z', 'z_destroy_detour_window', ((0, (8,)), (2, (18,))), 'z_repair_same_stack_window', (3477, 2344, 1948), ('SORT', 'SORT'))",False
41,Z,2,rough,z_destroy_noise_window,z_repair_mode_toggle_contextual,False,,0,3171.1713823891628,3171.1713823891628,0,0.0,"('Z', 'z_destroy_noise_window', ((0, (8,)), (12, (14,))), 'z_repair_mode_toggle_contextual', (944, 2344, 1948), ('SORT', 'SORT'))",False
41,Z,1,rough,z_destroy_noise_window,z_repair_same_stack_window,False,,0,3142.896382389163,3142.896382389163,0,0.0,"('Z', 'z_destroy_noise_window', ((4, (6, 7)),), 'z_repair_same_stack_window', (482, 2337), ('SORT',))",False
42,Y,2,rough,y_destroy_congested_station_block,y_repair_arrival_aware_rank,False,,0,3099.908202423529,3099.908202423529,0,0.0,"('Y', 'y_destroy_congested_station_block', ((9, 1, 2), (12, 1, 3)), 'y_repair_arrival_aware_rank', ((9, 0, 2), (12, 1, 2)))",False
42,Y,3,rough,y_destroy_load_skew_release,y_repair_regret2_station,False,,0,3099.908202423529,3099.908202423529,0,0.0,"('Y', 'y_destroy_load_skew_release', ((9, 1, 2), (12, 1, 3)), 'y_repair_regret2_station', ((9, 0, 2), (12, 1, 2)))",False
42,Y,1,rough,y_destroy_rank_window_release,y_repair_earliest_finish,False,,0,3088.2082024235287,3088.2082024235287,0,0.0,"('Y', 'y_destroy_rank_window_release', ((8, 1, 1), (9, 1, 2)), 'y_repair_earliest_finish', ((8, 1, 2), (9, 0, 2)))",False
42,Y,1,exact,y_destroy_rank_window_release,y_repair_earliest_finish,False,,0,3081.462833538588,3081.462833538588,0,0.0,"((0, (0, ('0:14:0', '0:2:0', '0:3:0', '0:4:0', '0:6:0'), 0, 0, ((1948, 'SORT', (132, 133, 134), (0, 2)),))), (1, (1, ('1:35:0', '1:3:0', '1:46:0'), 1, 0, ((3521, 'SORT', (116, 117), (1, 2)), (487, 'FLIP', (147,), None)))), (2, (2, ('2:1:0', '2:2:0', '2:3:0', '2:4:0', '2:8:0', '2:9:0'), 2, 0, ((3477, 'SORT', (169, 170, 171, 172), (0, 3)),))), (3, (2, ('2:17:0', '2:18:0'), 3, 0, ((2968, 'FLIP', (10,), None), (2881, 'FLIP', (9,), None)))), (4, (3, ('3:0:0', '3:1:0', '3:26:0', '3:29:0', '3:31:0', '3:6:0'), 4, 0, ((482, 'SORT', (67, 68, 69, 70, 71, 72), (1, 6)), (2337, 'FLIP', (165,), None)))), (5, (3, ('3:21:0',), 5, 0, ((445, 'FLIP', (6,), None),))), (6, (4, ('4:15:0', '4:29:0', '4:3:0'), 5, 1, ((2344, 'FLIP', (53, 60), None),))), (7, (5, ('5:18:0', '5:22:0', '5:33:0', '5:35:0', '5:37:0', '5:8:0'), 3, 1, ((944, 'FLIP', (34,), None), (2344, 'FLIP', (52, 57), None), (2809, 'FLIP', (8,), None), (3417, 'FLIP', (4,), None)))), (8, (5, ('5:44:0',), 1, 1, ((1479, 'FLIP', (143,), None),))), (9, (6, ('6:0:0', '6:13:0', '6:1:0', '6:3:0', '6:4:0', '6:9:0'), 0, 2, ((3521, 'FLIP', (120,), None), (1049, 'FLIP', (84,), None)))), (10, (6, ('6:14:0',), 2, 1, ((1892, 'FLIP', (0,), None),))), (11, (7, ('7:0:0', '7:1:0', '7:2:0', '7:3:0', '7:4:0', '7:5:0'), 0, 1, ((2116, 'SORT', (98, 99), (1, 2)),))), (12, (7, ('7:16:0', '7:6:0'), 1, 2, ((944, 'SORT', (35, 36, 37), (1, 3)),))))",True
43,Z,3,rough,z_destroy_noise_window,z_repair_sort_range_shrink_first,False,,0,3224.7963823891628,3224.7963823891628,0,0.0,"('Z', 'z_destroy_noise_window', ((2, (18,)), (12, (14,))), 'z_repair_sort_range_shrink_first', (3477, 2344, 944), ('SORT', 'SORT'))",False
43,Z,2,rough,z_destroy_mode_window,z_repair_mode_toggle_contextual,False,,0,3055.1463823891627,3055.1463823891627,0,0.0,"('Z', 'z_destroy_mode_window', ((1, (9, 10)),), 'z_repair_mode_toggle_contextual', (3521, 487), ('SORT',))",False
43,Z,1,rough,z_destroy_multistack_window,z_repair_mode_toggle_contextual,False,,0,3031.7463823891626,3031.7463823891626,0,0.0,"('Z', 'z_destroy_multistack_window', ((3, (4, 5)),), 'z_repair_mode_toggle_contextual', (2968, 2881), ('FLIP',))",False
44,Y,2,rough,y_destroy_load_skew_release,y_repair_earliest_finish,False,,0,3106.803959974321,3106.803959974321,0,0.0,"('Y', 'y_destroy_load_skew_release', ((0, 0, 0), (11, 0, 1)), 'y_repair_earliest_finish', ((0, 0, 0), (11, 1, 4)))",False
44,Y,3,rough,y_destroy_congested_station_block,y_repair_arrival_aware_rank,False,,0,3107.357062954976,3107.357062954976,0,0.0,"('Y', 'y_destroy_congested_station_block', ((2, 2, 0), (10, 2, 1)), 'y_repair_arrival_aware_rank', ((2, 1, 4), (10, 2, 0)))",False
44,Y,1,rough,y_destroy_load_skew_release,y_repair_load_balance,False,,0,3099.908202423529,3099.908202423529,0,0.0,"('Y', 'y_destroy_load_skew_release', ((9, 1, 2), (12, 1, 3)), 'y_repair_load_balance', ((9, 0, 2), (12, 1, 2)))",False
44,Y,1,exact,y_destroy_load_skew_release,y_repair_load_balance,False,,0,3081.462833538588,3081.462833538588,0,0.0,"((0, (0, ('0:14:0', '0:2:0', '0:3:0', '0:4:0', '0:6:0'), 0, 0, ((1948, 'SORT', (132, 133, 134), (0, 2)),))), (1, (1, ('1:35:0', '1:3:0', '1:46:0'), 1, 0, ((3521, 'SORT', (116, 117), (1, 2)), (487, 'FLIP', (147,), None)))), (2, (2, ('2:1:0', '2:2:0', '2:3:0', '2:4:0', '2:8:0', '2:9:0'), 2, 0, ((3477, 'SORT', (169, 170, 171, 172), (0, 3)),))), (3, (2, ('2:17:0', '2:18:0'), 3, 0, ((2968, 'FLIP', (10,), None), (2881, 'FLIP', (9,), None)))), (4, (3, ('3:0:0', '3:1:0', '3:26:0', '3:29:0', '3:31:0', '3:6:0'), 4, 0, ((482, 'SORT', (67, 68, 69, 70, 71, 72), (1, 6)), (2337, 'FLIP', (165,), None)))), (5, (3, ('3:21:0',), 5, 0, ((445, 'FLIP', (6,), None),))), (6, (4, ('4:15:0', '4:29:0', '4:3:0'), 5, 1, ((2344, 'FLIP', (53, 60), None),))), (7, (5, ('5:18:0', '5:22:0', '5:33:0', '5:35:0', '5:37:0', '5:8:0'), 3, 1, ((944, 'FLIP', (34,), None), (2344, 'FLIP', (52, 57), None), (2809, 'FLIP', (8,), None), (3417, 'FLIP', (4,), None)))), (8, (5, ('5:44:0',), 1, 1, ((1479, 'FLIP', (143,), None),))), (9, (6, ('6:0:0', '6:13:0', '6:1:0', '6:3:0', '6:4:0', '6:9:0'), 0, 2, ((3521, 'FLIP', (120,), None), (1049, 'FLIP', (84,), None)))), (10, (6, ('6:14:0',), 2, 1, ((1892, 'FLIP', (0,), None),))), (11, (7, ('7:0:0', '7:1:0', '7:2:0', '7:3:0', '7:4:0', '7:5:0'), 0, 1, ((2116, 'SORT', (98, 99), (1, 2)),))), (12, (7, ('7:16:0', '7:6:0'), 1, 2, ((944, 'SORT', (35, 36, 37), (1, 3)),))))",True
45,Z,1,rough,z_destroy_multistack_window,z_repair_sort_range_shrink_first,False,,0,2908.8963823891627,2908.8963823891627,0,0.0,"('Z', 'z_destroy_multistack_window', ((7, (0, 1, 2)),), 'z_repair_sort_range_shrink_first', (944, 2344), ('SORT',))",False
45,Z,3,rough,z_destroy_noise_window,z_repair_mode_toggle_contextual,False,,0,3142.3645642073443,3142.3645642073443,0,0.0,"('Z', 'z_destroy_noise_window', ((2, (18,)), (4, (6, 7))), 'z_repair_mode_toggle_contextual', (3477, 2344, 482, 2337), ('SORT', 'SORT'))",False
45,Z,2,rough,z_destroy_multistack_window,z_repair_same_stack_window,False,,0,3055.1463823891627,3055.1463823891627,0,0.0,"('Z', 'z_destroy_multistack_window', ((1, (9, 10)),), 'z_repair_same_stack_window', (3521, 487), ('SORT',))",False
46,Y,3,rough,y_destroy_cross_station_fragment,y_repair_load_balance,False,,0,3190.6779399828924,3190.6779399828924,0,0.0,"('Y', 'y_destroy_cross_station_fragment', ((2, 2, 0), (3, 3, 0)), 'y_repair_load_balance', ((2, 1, 4), (3, 0, 2)))",False
46,Y,1,rough,y_destroy_load_skew_release,y_repair_arrival_aware_rank,False,,0,3099.908202423529,3099.908202423529,0,0.0,"('Y', 'y_destroy_load_skew_release', ((9, 1, 2), (12, 1, 3)), 'y_repair_arrival_aware_rank', ((9, 0, 2), (12, 1, 2)))",False
46,Y,2,rough,y_destroy_rank_window_release,y_repair_earliest_finish,False,,0,3099.908202423529,3099.908202423529,0,0.0,"('Y', 'y_destroy_rank_window_release', ((9, 1, 2), (12, 1, 3)), 'y_repair_earliest_finish', ((9, 0, 2), (12, 1, 2)))",False
46,Y,1,exact,y_destroy_load_skew_release,y_repair_arrival_aware_rank,False,,0,3081.462833538588,3081.462833538588,0,0.0,"((0, (0, ('0:14:0', '0:2:0', '0:3:0', '0:4:0', '0:6:0'), 0, 0, ((1948, 'SORT', (132, 133, 134), (0, 2)),))), (1, (1, ('1:35:0', '1:3:0', '1:46:0'), 1, 0, ((3521, 'SORT', (116, 117), (1, 2)), (487, 'FLIP', (147,), None)))), (2, (2, ('2:1:0', '2:2:0', '2:3:0', '2:4:0', '2:8:0', '2:9:0'), 2, 0, ((3477, 'SORT', (169, 170, 171, 172), (0, 3)),))), (3, (2, ('2:17:0', '2:18:0'), 3, 0, ((2968, 'FLIP', (10,), None), (2881, 'FLIP', (9,), None)))), (4, (3, ('3:0:0', '3:1:0', '3:26:0', '3:29:0', '3:31:0', '3:6:0'), 4, 0, ((482, 'SORT', (67, 68, 69, 70, 71, 72), (1, 6)), (2337, 'FLIP', (165,), None)))), (5, (3, ('3:21:0',), 5, 0, ((445, 'FLIP', (6,), None),))), (6, (4, ('4:15:0', '4:29:0', '4:3:0'), 5, 1, ((2344, 'FLIP', (53, 60), None),))), (7, (5, ('5:18:0', '5:22:0', '5:33:0', '5:35:0', '5:37:0', '5:8:0'), 3, 1, ((944, 'FLIP', (34,), None), (2344, 'FLIP', (52, 57), None), (2809, 'FLIP', (8,), None), (3417, 'FLIP', (4,), None)))), (8, (5, ('5:44:0',), 1, 1, ((1479, 'FLIP', (143,), None),))), (9, (6, ('6:0:0', '6:13:0', '6:1:0', '6:3:0', '6:4:0', '6:9:0'), 0, 2, ((3521, 'FLIP', (120,), None), (1049, 'FLIP', (84,), None)))), (10, (6, ('6:14:0',), 2, 1, ((1892, 'FLIP', (0,), None),))), (11, (7, ('7:0:0', '7:1:0', '7:2:0', '7:3:0', '7:4:0', '7:5:0'), 0, 1, ((2116, 'SORT', (98, 99), (1, 2)),))), (12, (7, ('7:16:0', '7:6:0'), 1, 2, ((944, 'SORT', (35, 36, 37), (1, 3)),))))",True
47,Z,3,rough,z_destroy_detour_window,z_repair_bounded_detour_window,False,,0,3195.5463823891628,3195.5463823891628,0,0.0,"('Z', 'z_destroy_detour_window', ((0, (8,)), (2, (18,))), 'z_repair_bounded_detour_window', (1948, 2344, 3477), ('SORT', 'SORT'))",False
47,Z,2,rough,z_destroy_multistack_window,z_repair_bounded_detour_window,False,,0,3055.1463823891627,3055.1463823891627,0,0.0,"('Z', 'z_destroy_multistack_window', ((1, (9, 10)),), 'z_repair_bounded_detour_window', (3521, 487), ('SORT',))",False
47,Z,1,rough,z_destroy_detour_window,z_repair_mode_toggle_contextual,False,,0,3025.896382389162,3025.896382389162,0,0.0,"('Z', 'z_destroy_detour_window', ((0, (8,)), (3, (4, 5))), 'z_repair_mode_toggle_contextual', (1948, 2344, 2968, 2881), ('SORT', 'FLIP'))",False
49,Y,2,rough,y_destroy_rank_window_release,y_repair_arrival_aware_rank,False,,0,3099.908202423529,3099.908202423529,0,0.0,"('Y', 'y_destroy_rank_window_release', ((9, 1, 2), (12, 1, 3)), 'y_repair_arrival_aware_rank', ((9, 0, 2), (12, 1, 2)))",False
49,Y,3,rough,y_destroy_cross_station_fragment,y_repair_regret2_station,False,,0,3190.6779399828924,3190.6779399828924,0,0.0,"('Y', 'y_destroy_cross_station_fragment', ((2, 2, 0), (3, 3, 0)), 'y_repair_regret2_station', ((2, 1, 4), (3, 0, 2)))",False
49,Y,1,rough,y_destroy_congested_station_block,y_repair_regret2_station,False,,0,3099.908202423529,3099.908202423529,0,0.0,"('Y', 'y_destroy_congested_station_block', ((9, 1, 2), (12, 1, 3)), 'y_repair_regret2_station', ((9, 0, 2), (12, 1, 2)))",False
49,Y,1,exact,y_destroy_congested_station_block,y_repair_regret2_station,False,,0,3081.462833538588,3081.462833538588,0,0.0,"((0, (0, ('0:14:0', '0:2:0', '0:3:0', '0:4:0', '0:6:0'), 0, 0, ((1948, 'SORT', (132, 133, 134), (0, 2)),))), (1, (1, ('1:35:0', '1:3:0', '1:46:0'), 1, 0, ((3521, 'SORT', (116, 117), (1, 2)), (487, 'FLIP', (147,), None)))), (2, (2, ('2:1:0', '2:2:0', '2:3:0', '2:4:0', '2:8:0', '2:9:0'), 2, 0, ((3477, 'SORT', (169, 170, 171, 172), (0, 3)),))), (3, (2, ('2:17:0', '2:18:0'), 3, 0, ((2968, 'FLIP', (10,), None), (2881, 'FLIP', (9,), None)))), (4, (3, ('3:0:0', '3:1:0', '3:26:0', '3:29:0', '3:31:0', '3:6:0'), 4, 0, ((482, 'SORT', (67, 68, 69, 70, 71, 72), (1, 6)), (2337, 'FLIP', (165,), None)))), (5, (3, ('3:21:0',), 5, 0, ((445, 'FLIP', (6,), None),))), (6, (4, ('4:15:0', '4:29:0', '4:3:0'), 5, 1, ((2344, 'FLIP', (53, 60), None),))), (7, (5, ('5:18:0', '5:22:0', '5:33:0', '5:35:0', '5:37:0', '5:8:0'), 3, 1, ((944, 'FLIP', (34,), None), (2344, 'FLIP', (52, 57), None), (2809, 'FLIP', (8,), None), (3417, 'FLIP', (4,), None)))), (8, (5, ('5:44:0',), 1, 1, ((1479, 'FLIP', (143,), None),))), (9, (6, ('6:0:0', '6:13:0', '6:1:0', '6:3:0', '6:4:0', '6:9:0'), 0, 2, ((3521, 'FLIP', (120,), None), (1049, 'FLIP', (84,), None)))), (10, (6, ('6:14:0',), 2, 1, ((1892, 'FLIP', (0,), None),))), (11, (7, ('7:0:0', '7:1:0', '7:2:0', '7:3:0', '7:4:0', '7:5:0'), 0, 1, ((2116, 'SORT', (98, 99), (1, 2)),))), (12, (7, ('7:16:0', '7:6:0'), 1, 2, ((944, 'SORT', (35, 36, 37), (1, 3)),))))",True
50,Z,2,rough,z_destroy_mode_window,z_repair_mode_toggle_contextual,False,,0,3142.896382389163,3142.896382389163,0,0.0,"('Z', 'z_destroy_mode_window', ((4, (6, 7)),), 'z_repair_mode_toggle_contextual', (482, 2337), ('SORT',))",False
50,Z,1,rough,z_destroy_noise_window,z_repair_bounded_detour_window,False,,0,3142.3645642073443,3142.3645642073443,0,0.0,"('Z', 'z_destroy_noise_window', ((2, (18,)), (4, (6, 7))), 'z_repair_bounded_detour_window', (3477, 2344, 482, 2337), ('SORT', 'SORT'))",False
50,Z,3,rough,z_destroy_noise_window,z_repair_same_stack_window,False,,0,3224.7963823891628,3224.7963823891628,0,0.0,"('Z', 'z_destroy_noise_window', ((2, (18,)), (12, (14,))), 'z_repair_same_stack_window', (3477, 2344, 944), ('SORT', 'SORT'))",False
51,Y,2,rough,y_destroy_rank_window_release,y_repair_load_balance,False,,0,3099.908202423529,3099.908202423529,0,0.0,"('Y', 'y_destroy_rank_window_release', ((9, 1, 2), (12, 1, 3)), 'y_repair_load_balance', ((9, 0, 2), (12, 1, 2)))",False
51,Y,3,rough,y_destroy_cross_station_fragment,y_repair_arrival_aware_rank,False,,0,3190.6779399828924,3190.6779399828924,0,0.0,"('Y', 'y_destroy_cross_station_fragment', ((2, 2, 0), (3, 3, 0)), 'y_repair_arrival_aware_rank', ((2, 1, 4), (3, 0, 2)))",False
51,Y,1,rough,y_destroy_load_skew_release,y_repair_earliest_finish,False,,0,3099.908202423529,3099.908202423529,0,0.0,"('Y', 'y_destroy_load_skew_release', ((9, 1, 2), (12, 1, 3)), 'y_repair_earliest_finish', ((9, 0, 2), (12, 1, 2)))",False
51,Y,1,exact,y_destroy_load_skew_release,y_repair_earliest_finish,False,,0,3081.462833538588,3081.462833538588,0,0.0,"((0, (0, ('0:14:0', '0:2:0', '0:3:0', '0:4:0', '0:6:0'), 0, 0, ((1948, 'SORT', (132, 133, 134), (0, 2)),))), (1, (1, ('1:35:0', '1:3:0', '1:46:0'), 1, 0, ((3521, 'SORT', (116, 117), (1, 2)), (487, 'FLIP', (147,), None)))), (2, (2, ('2:1:0', '2:2:0', '2:3:0', '2:4:0', '2:8:0', '2:9:0'), 2, 0, ((3477, 'SORT', (169, 170, 171, 172), (0, 3)),))), (3, (2, ('2:17:0', '2:18:0'), 3, 0, ((2968, 'FLIP', (10,), None), (2881, 'FLIP', (9,), None)))), (4, (3, ('3:0:0', '3:1:0', '3:26:0', '3:29:0', '3:31:0', '3:6:0'), 4, 0, ((482, 'SORT', (67, 68, 69, 70, 71, 72), (1, 6)), (2337, 'FLIP', (165,), None)))), (5, (3, ('3:21:0',), 5, 0, ((445, 'FLIP', (6,), None),))), (6, (4, ('4:15:0', '4:29:0', '4:3:0'), 5, 1, ((2344, 'FLIP', (53, 60), None),))), (7, (5, ('5:18:0', '5:22:0', '5:33:0', '5:35:0', '5:37:0', '5:8:0'), 3, 1, ((944, 'FLIP', (34,), None), (2344, 'FLIP', (52, 57), None), (2809, 'FLIP', (8,), None), (3417, 'FLIP', (4,), None)))), (8, (5, ('5:44:0',), 1, 1, ((1479, 'FLIP', (143,), None),))), (9, (6, ('6:0:0', '6:13:0', '6:1:0', '6:3:0', '6:4:0', '6:9:0'), 0, 2, ((3521, 'FLIP', (120,), None), (1049, 'FLIP', (84,), None)))), (10, (6, ('6:14:0',), 2, 1, ((1892, 'FLIP', (0,), None),))), (11, (7, ('7:0:0', '7:1:0', '7:2:0', '7:3:0', '7:4:0', '7:5:0'), 0, 1, ((2116, 'SORT', (98, 99), (1, 2)),))), (12, (7, ('7:16:0', '7:6:0'), 1, 2, ((944, 'SORT', (35, 36, 37), (1, 3)),))))",True
52,Z,1,rough,z_destroy_multistack_window,z_repair_mode_toggle_contextual,False,,0,2885.4963823891626,2885.4963823891626,0,0.0,"('Z', 'z_destroy_multistack_window', ((7, (0, 1, 2, 3)),), 'z_repair_mode_toggle_contextual', (944, 2344), ('FLIP',))",False
52,Z,3,rough,z_destroy_mode_window,z_repair_sort_range_shrink_first,False,,0,2970.321382389163,2970.321382389163,0,0.0,"('Z', 'z_destroy_mode_window', ((1, (9, 10)), (2, (18,)), (4, (6, 7))), 'z_repair_sort_range_shrink_first', (482, 2337, 3477, 2344, 3521, 487), ('SORT', 'SORT', 'SORT'))",False
52,Z,2,rough,z_destroy_mode_window,z_repair_sort_range_shrink_first,False,,0,2964.4713823891625,2964.4713823891625,0,0.0,"('Z', 'z_destroy_mode_window', ((1, (9, 10)), (4, (6, 7))), 'z_repair_sort_range_shrink_first', (3521, 487, 482, 2337), ('SORT', 'SORT'))",False
54,Y,3,rough,y_destroy_cross_station_fragment,y_repair_earliest_finish,False,,0,3192.3697491394023,3192.3697491394023,0,0.0,"('Y', 'y_destroy_cross_station_fragment', ((4, 4, 0), (5, 5, 0)), 'y_repair_earliest_finish', ((4, 0, 2), (5, 1, 4)))",False
54,Y,1,rough,y_destroy_initial_idle_head,y_repair_arrival_aware_rank,False,,0,3080.83130952163,3080.83130952163,0,0.0,"('Y', 'y_destroy_initial_idle_head', ((1, 1, 0), (4, 4, 0)), 'y_repair_arrival_aware_rank', ((1, 0, 2), (4, 1, 3)))",False
54,Y,2,rough,y_destroy_max_tardiness_blocker,y_repair_regret2_station,False,,0,3163.2657884881874,3163.2657884881874,0,0.0,"('Y', 'y_destroy_max_tardiness_blocker', ((5, 5, 0), (10, 2, 1), (12, 1, 3)), 'y_repair_regret2_station', ((5, 1, 3), (10, 2, 1), (12, 0, 2)))",False
54,Y,1,exact,y_destroy_initial_idle_head,y_repair_arrival_aware_rank,False,,0,3071.622416871922,3071.622416871922,0,0.0,"((0, (0, ('0:14:0', '0:2:0', '0:3:0', '0:4:0', '0:6:0'), 0, 0, ((1948, 'SORT', (132, 133, 134), (0, 2)),))), (1, (1, ('1:35:0', '1:3:0', '1:46:0'), 0, 2, ((3521, 'SORT', (116, 117), (1, 2)), (487, 'FLIP', (147,), None)))), (2, (2, ('2:1:0', '2:2:0', '2:3:0', '2:4:0', '2:8:0', '2:9:0'), 2, 0, ((3477, 'SORT', (169, 170, 171, 172), (0, 3)),))), (3, (2, ('2:17:0', '2:18:0'), 3, 0, ((2968, 'FLIP', (10,), None), (2881, 'FLIP', (9,), None)))), (4, (3, ('3:0:0', '3:1:0', '3:26:0', '3:29:0', '3:31:0', '3:6:0'), 1, 2, ((482, 'SORT', (67, 68, 69, 70, 71, 72), (1, 6)), (2337, 'FLIP', (165,), None)))), (5, (3, ('3:21:0',), 5, 0, ((445, 'FLIP', (6,), None),))), (6, (4, ('4:15:0', '4:29:0', '4:3:0'), 5, 1, ((2344, 'FLIP', (53, 60), None),))), (7, (5, ('5:18:0', '5:22:0', '5:33:0', '5:35:0', '5:37:0', '5:8:0'), 3, 1, ((944, 'FLIP', (34,), None), (2344, 'FLIP', (52, 57), None), (2809, 'FLIP', (8,), None), (3417, 'FLIP', (4,), None)))), (8, (5, ('5:44:0',), 1, 0, ((1479, 'FLIP', (143,), None),))), (9, (6, ('6:0:0', '6:13:0', '6:1:0', '6:3:0', '6:4:0', '6:9:0'), 1, 1, ((3521, 'FLIP', (120,), None), (1049, 'FLIP', (84,), None)))), (10, (6, ('6:14:0',), 2, 1, ((1892, 'FLIP', (0,), None),))), (11, (7, ('7:0:0', '7:1:0', '7:2:0', '7:3:0', '7:4:0', '7:5:0'), 0, 1, ((2116, 'SORT', (98, 99), (1, 2)),))), (12, (7, ('7:16:0', '7:6:0'), 1, 3, ((944, 'SORT', (35, 36, 37), (1, 3)),))))",True
55,Z,1,rough,z_destroy_mode_window,z_repair_same_stack_window,False,,0,2964.4713823891625,2964.4713823891625,0,0.0,"('Z', 'z_destroy_mode_window', ((1, (9, 10)), (4, (6, 7))), 'z_repair_same_stack_window', (482, 2337, 3521, 487), ('SORT', 'SORT'))",False
55,Z,3,rough,z_destroy_noise_window,z_repair_sort_range_shrink_first,False,,0,3047.946382389163,3047.946382389163,0,0.0,"('Z', 'z_destroy_noise_window', ((0, (8,)), (4, (6, 7)), (12, (14,))), 'z_repair_sort_range_shrink_first', (482, 2337, 944, 2344, 1948), ('SORT', 'SORT', 'SORT'))",False
55,Z,2,rough,z_destroy_detour_window,z_repair_bounded_detour_window,False,,0,3007.0463823891628,3007.0463823891628,0,0.0,"('Z', 'z_destroy_detour_window', ((0, (8,)), (2, (18,)), (3, (4, 5))), 'z_repair_bounded_detour_window', (1948, 2344, 3477, 2968, 2881), ('SORT', 'SORT', 'FLIP'))",False
56,Y,2,rough,y_destroy_rank_window_release,y_repair_earliest_finish,False,,0,3122.760125846997,3122.760125846997,0,0.0,"('Y', 'y_destroy_rank_window_release', ((8, 1, 1), (9, 1, 2), (12, 1, 3)), 'y_repair_earliest_finish', ((8, 1, 1), (9, 0, 2), (12, 2, 2)))",False
56,Y,1,rough,y_destroy_congested_station_block,y_repair_arrival_aware_rank,False,,0,3106.803959974321,3106.803959974321,0,0.0,"('Y', 'y_destroy_congested_station_block', ((0, 0, 0), (11, 0, 1)), 'y_repair_arrival_aware_rank', ((0, 0, 0), (11, 1, 4)))",False
56,Y,3,rough,y_destroy_max_tardiness_blocker,y_repair_arrival_aware_rank,False,,0,3163.2657884881874,3163.2657884881874,0,0.0,"('Y', 'y_destroy_max_tardiness_blocker', ((5, 5, 0), (10, 2, 1), (12, 1, 3)), 'y_repair_arrival_aware_rank', ((5, 1, 3), (10, 2, 1), (12, 0, 2)))",False
56,Y,1,exact,y_destroy_congested_station_block,y_repair_arrival_aware_rank,False,,0,3041.6259082512315,3041.6259082512315,0,0.0,"((0, (0, ('0:14:0', '0:2:0', '0:3:0', '0:4:0', '0:6:0'), 0, 0, ((1948, 'SORT', (132, 133, 134), (0, 2)),))), (1, (1, ('1:35:0', '1:3:0', '1:46:0'), 1, 0, ((3521, 'SORT', (116, 117), (1, 2)), (487, 'FLIP', (147,), None)))), (2, (2, ('2:1:0', '2:2:0', '2:3:0', '2:4:0', '2:8:0', '2:9:0'), 2, 0, ((3477, 'SORT', (169, 170, 171, 172), (0, 3)),))), (3, (2, ('2:17:0', '2:18:0'), 3, 0, ((2968, 'FLIP', (10,), None), (2881, 'FLIP', (9,), None)))), (4, (3, ('3:0:0', '3:1:0', '3:26:0', '3:29:0', '3:31:0', '3:6:0'), 4, 0, ((482, 'SORT', (67, 68, 69, 70, 71, 72), (1, 6)), (2337, 'FLIP', (165,), None)))), (5, (3, ('3:21:0',), 5, 0, ((445, 'FLIP', (6,), None),))), (6, (4, ('4:15:0', '4:29:0', '4:3:0'), 5, 1, ((2344, 'FLIP', (53, 60), None),))), (7, (5, ('5:18:0', '5:22:0', '5:33:0', '5:35:0', '5:37:0', '5:8:0'), 3, 1, ((944, 'FLIP', (34,), None), (2344, 'FLIP', (52, 57), None), (2809, 'FLIP', (8,), None), (3417, 'FLIP', (4,), None)))), (8, (5, ('5:44:0',), 1, 1, ((1479, 'FLIP', (143,), None),))), (9, (6, ('6:0:0', '6:13:0', '6:1:0', '6:3:0', '6:4:0', '6:9:0'), 1, 2, ((3521, 'FLIP', (120,), None), (1049, 'FLIP', (84,), None)))), (10, (6, ('6:14:0',), 2, 1, ((1892, 'FLIP', (0,), None),))), (11, (7, ('7:0:0', '7:1:0', '7:2:0', '7:3:0', '7:4:0', '7:5:0'), 1, 4, ((2116, 'SORT', (98, 99), (1, 2)),))), (12, (7, ('7:16:0', '7:6:0'), 1, 3, ((944, 'SORT', (35, 36, 37), (1, 3)),))))",True
57,Z,3,rough,z_destroy_noise_window,z_repair_sort_range_shrink_first,False,,0,3123.525908251231,3123.5342913066993,0,0.0,"('Z', 'z_destroy_noise_window', ((4, (6, 7)),), 'z_repair_sort_range_shrink_first', (482, 2337), ('SORT',))",False
57,Z,1,rough,z_destroy_detour_window,z_repair_mode_toggle_contextual,False,,0,3035.7759082512316,3035.770128993141,0,0.0,"('Z', 'z_destroy_detour_window', ((1, (9, 10)),), 'z_repair_mode_toggle_contextual', (3521, 487), ('SORT',))",False
57,Z,2,rough,z_destroy_mode_window,z_repair_same_stack_window,False,,0,3035.7759082512316,3035.770128993141,0,0.0,"('Z', 'z_destroy_mode_window', ((1, (9, 10)),), 'z_repair_same_stack_window', (3521, 487), ('SORT',))",False
58,X,1,exact,x_destroy_over_capacity_release,x_repair_template_preserve,False,greedy_repair,1,3041.6259082512315,3041.62207062676,0,0.0,"((0, (0, ('0:14:0', '0:2:0', '0:3:0', '0:4:0', '0:6:0'), 0, 0, ((1948, 'SORT', (132, 133, 134), (0, 2)),))), (1, (1, ('1:35:0', '1:3:0', '1:46:0'), 1, 0, ((3521, 'SORT', (116, 117), (1, 2)), (487, 'FLIP', (147,), None)))), (2, (2, ('2:1:0', '2:2:0', '2:3:0', '2:4:0', '2:8:0', '2:9:0'), 2, 0, ((3477, 'SORT', (169, 170, 171, 172), (0, 3)),))), (3, (2, ('2:17:0', '2:18:0'), 3, 0, ((2968, 'FLIP', (10,), None), (2881, 'FLIP', (9,), None)))), (4, (3, ('3:0:0', '3:1:0', '3:26:0', '3:29:0', '3:31:0', '3:6:0'), 4, 0, ((482, 'SORT', (67, 68, 69, 70, 71, 72), (1, 6)), (2337, 'FLIP', (165,), None)))), (5, (3, ('3:21:0',), 5, 0, ((445, 'FLIP', (6,), None),))), (6, (4, ('4:15:0', '4:29:0', '4:3:0'), 5, 1, ((2344, 'FLIP', (53, 60), None),))), (7, (5, ('5:18:0', '5:22:0', '5:33:0', '5:35:0', '5:37:0', '5:8:0'), 3, 1, ((944, 'FLIP', (34,), None), (2344, 'FLIP', (52, 57), None), (2809, 'FLIP', (8,), None), (3417, 'FLIP', (4,), None)))), (8, (5, ('5:44:0',), 1, 1, ((1479, 'FLIP', (143,), None),))), (9, (6, ('6:0:0', '6:13:0', '6:1:0', '6:3:0', '6:4:0', '6:9:0'), 1, 2, ((3521, 'FLIP', (120,), None), (1049, 'FLIP', (84,), None)))), (10, (6, ('6:14:0',), 2, 1, ((1892, 'FLIP', (0,), None),))), (11, (7, ('7:0:0', '7:1:0', '7:2:0', '7:3:0', '7:4:0', '7:5:0'), 1, 4, ((2116, 'SORT', (98, 99), (1, 2)),))), (12, (7, ('7:16:0', '7:6:0'), 1, 3, ((944, 'SORT', (35, 36, 37), (1, 3)),))))",True
58,X,2,exact,x_destroy_over_capacity_release,x_repair_affinity_pack,False,greedy_repair,1,3072.3384082512316,3072.3364486098244,0,0.0,"((0, (0, ('0:14:0', '0:2:0', '0:3:0', '0:4:0', '0:6:0'), 0, 0, ((1948, 'SORT', (132, 133, 134), (0, 2)),))), (1, (1, ('1:35:0', '1:3:0', '1:46:0'), 1, 0, ((3521, 'SORT', (116, 117), (1, 2)), (487, 'FLIP', (147,), None)))), (2, (2, ('2:1:0', '2:2:0', '2:3:0', '2:4:0', '2:8:0', '2:9:0'), 2, 1, ((3477, 'SORT', (169, 170, 171, 172), (0, 3)),))), (3, (2, ('2:17:0', '2:18:0'), 3, 0, ((2968, 'FLIP', (10,), None), (2881, 'FLIP', (9,), None)))), (4, (3, ('3:0:0', '3:1:0', '3:26:0', '3:29:0', '3:31:0', '3:6:0'), 4, 0, ((482, 'SORT', (67, 68, 69, 70, 71, 72), (1, 6)), (2337, 'FLIP', (165,), None)))), (5, (3, ('3:21:0',), 5, 0, ((445, 'FLIP', (6,), None),))), (6, (4, ('4:15:0', '4:29:0', '4:3:0'), 5, 1, ((2344, 'FLIP', (53, 60), None),))), (7, (5, ('5:18:0', '5:22:0', '5:33:0', '5:35:0', '5:37:0', '5:8:0'), 3, 1, ((944, 'FLIP', (34,), None), (2344, 'FLIP', (52, 57), None), (2809, 'FLIP', (8,), None), (3417, 'FLIP', (4,), None)))), (8, (5, ('5:44:0',), 1, 1, ((1479, 'FLIP', (143,), None),))), (9, (6, ('6:0:0', '6:13:0', '6:1:0', '6:3:0', '6:4:0', '6:9:0'), 1, 2, ((3521, 'FLIP', (120,), None), (1049, 'FLIP', (84,), None)))), (10, (6, ('6:14:0',), 2, 0, ((1892, 'FLIP', (0,), None),))), (11, (7, ('7:0:0', '7:1:0', '7:2:0', '7:3:0', '7:4:0', '7:5:0'), 1, 4, ((2116, 'SORT', (98, 99), (1, 2)),))), (12, (7, ('7:16:0', '7:6:0'), 1, 3, ((944, 'SORT', (35, 36, 37), (1, 3)),))))",False
59,Y,3,rough,y_destroy_max_tardiness_blocker,y_repair_regret2_station,False,,0,3175.9125856525557,3175.925837761021,0,0.0,"('Y', 'y_destroy_max_tardiness_blocker', ((5, 5, 0), (12, 1, 3)), 'y_repair_regret2_station', ((5, 1, 4), (12, 0, 1)))",False
59,Y,1,rough,y_destroy_rank_window_release,y_repair_arrival_aware_rank,False,,0,3017.9669622320025,3017.955434620972,0,0.0,"('Y', 'y_destroy_rank_window_release', ((11, 1, 4), (12, 1, 3)), 'y_repair_arrival_aware_rank', ((11, 1, 3), (12, 0, 1)))",False
59,Y,2,rough,y_destroy_rank_window_release,y_repair_regret2_station,False,,0,3017.9669622320025,3017.955434620972,0,0.0,"('Y', 'y_destroy_rank_window_release', ((11, 1, 4), (12, 1, 3)), 'y_repair_regret2_station', ((11, 1, 3), (12, 0, 1)))",False
59,Y,1,exact,y_destroy_rank_window_release,y_repair_arrival_aware_rank,False,,0,3063.5297157224963,3063.5267624161015,0,0.0,"((0, (0, ('0:14:0', '0:2:0', '0:3:0', '0:4:0', '0:6:0'), 0, 0, ((1948, 'SORT', (132, 133, 134), (0, 2)),))), (1, (1, ('1:35:0', '1:3:0', '1:46:0'), 1, 0, ((3521, 'SORT', (116, 117), (1, 2)), (487, 'FLIP', (147,), None)))), (2, (2, ('2:1:0', '2:2:0', '2:3:0', '2:4:0', '2:8:0', '2:9:0'), 2, 0, ((3477, 'SORT', (169, 170, 171, 172), (0, 3)),))), (3, (2, ('2:17:0', '2:18:0'), 3, 0, ((2968, 'FLIP', (10,), None), (2881, 'FLIP', (9,), None)))), (4, (3, ('3:0:0', '3:1:0', '3:26:0', '3:29:0', '3:31:0', '3:6:0'), 4, 0, ((482, 'SORT', (67, 68, 69, 70, 71, 72), (1, 6)), (2337, 'FLIP', (165,), None)))), (5, (3, ('3:21:0',), 5, 0, ((445, 'FLIP', (6,), None),))), (6, (4, ('4:15:0', '4:29:0', '4:3:0'), 5, 1, ((2344, 'FLIP', (53, 60), None),))), (7, (5, ('5:18:0', '5:22:0', '5:33:0', '5:35:0', '5:37:0', '5:8:0'), 3, 1, ((944, 'FLIP', (34,), None), (2344, 'FLIP', (52, 57), None), (2809, 'FLIP', (8,), None), (3417, 'FLIP', (4,), None)))), (8, (5, ('5:44:0',), 1, 1, ((1479, 'FLIP', (143,), None),))), (9, (6, ('6:0:0', '6:13:0', '6:1:0', '6:3:0', '6:4:0', '6:9:0'), 1, 2, ((3521, 'FLIP', (120,), None), (1049, 'FLIP', (84,), None)))), (10, (6, ('6:14:0',), 2, 1, ((1892, 'FLIP', (0,), None),))), (11, (7, ('7:0:0', '7:1:0', '7:2:0', '7:3:0', '7:4:0', '7:5:0'), 1, 3, ((2116, 'SORT', (98, 99), (1, 2)),))), (12, (7, ('7:16:0', '7:6:0'), 0, 1, ((944, 'SORT', (35, 36, 37), (1, 3)),))))",True
60,Z,2,rough,z_destroy_mode_window,z_repair_same_stack_window,False,,0,3091.3509082512314,3091.3523834169,0,0.0,"('Z', 'z_destroy_mode_window', ((0, (8,)), (4, (6, 7))), 'z_repair_same_stack_window', (1948, 2344, 482, 2337), ('SORT', 'SORT'))",False
60,Z,3,rough,z_destroy_detour_window,z_repair_same_stack_window,False,,0,3176.1759082512312,3176.1904821737517,0,0.0,"('Z', 'z_destroy_detour_window', ((0, (8,)), (2, (18,))), 'z_repair_same_stack_window', (1948, 2344, 3477), ('SORT', 'SORT'))",False
60,Z,1,rough,z_destroy_mode_window,z_repair_bounded_detour_window,False,,0,3029.9259082512312,3029.9178981102136,0,0.0,"('Z', 'z_destroy_mode_window', ((0, (8,)), (1, (9, 10))), 'z_repair_bounded_detour_window', (1948, 2344, 3521, 487), ('SORT', 'SORT'))",False
